{
    "Silhouette Score": 0.56508931108393975,
    "Calinski Harabasz Score": 7.209162725352159,
    "Davies Bouldin Score": 0.5825958340455955
}