{
    "Silhouette Score": 0.698286743265074,
    "Calinski Harabasz Score": 7.462678932695453,
    "Davies Bouldin Score": 0.5958664147471906
}