{
    "Silhouette Score": 0.6039611950998554,
    "Calinski Harabasz Score": 5.5190190005090525,
    "Davies Bouldin Score": 0.6478042913555606
}