{"degree_centrality": {"inv_cooccurrence": {"a": 0.6666666666666666, "b": 0.38888888888888884, "c": 0.6666666666666666, "d": 0.4444444444444444, "e": 0.9444444444444444, "h": 0.4444444444444444, "i": 0.8333333333333333, "l": 0.16666666666666666, "m": 0.38888888888888884, "n": 0.8333333333333333, "o": 0.8333333333333333, "p": 0.6666666666666666, "r": 0.7222222222222222, "s": 0.5555555555555556, "t": 0.8888888888888888, "u": 0.4444444444444444, "v": 0.2777777777777778, "w": 0.2777777777777778, "y": 0.4444444444444444}}, "betweenness_centrality": {"inv_cooccurrence": {"a": 0.11437908496732027, "b": 0.0, "c": 0.0, "d": 0.0, "e": 0.6568627450980392, "h": 0.0, "i": 0.0, "l": 0.0, "m": 0.0, "n": 0.22222222222222224, "o": 0.0, "p": 0.0, "r": 0.0784313725490196, "s": 0.0, "t": 0.12091503267973856, "u": 0.0, "v": 0.0, "w": 0.0, "y": 0.0}}, "closeness_centrality": {"inv_cooccurrence": {"a": 3.6474668682015703, "b": 1.491447473438626, "c": 3.441993995076086, "d": 2.705893750476666, "e": 4.71350706986564, "h": 2.4934848841714974, "i": 3.753745016474141, "l": 2.2304165859742278, "m": 2.302139853321315, "n": 4.240110572633274, "o": 3.6063963714609693, "p": 2.765685019206146, "r": 3.9907687323379704, "s": 2.624958570729629, "t": 4.208498892222186, "u": 1.8624625979476221, "v": 1.8160101309075103, "w": 2.2308115185692787, "y": 2.1188504882889343}}}