{
  "degree_centrality": {
    "cooccurrence": {
      "a": 0.6666666666666666,
      "b": 0.38888888888888884,
      "c": 0.6666666666666666,
      "d": 0.4444444444444444,
      "e": 0.9444444444444444,
      "h": 0.4444444444444444,
      "i": 0.8333333333333333,
      "l": 0.16666666666666666,
      "m": 0.38888888888888884,
      "n": 0.8333333333333333,
      "o": 0.8333333333333333,
      "p": 0.6666666666666666,
      "r": 0.7222222222222222,
      "s": 0.5555555555555556,
      "t": 0.8888888888888888,
      "u": 0.4444444444444444,
      "v": 0.2777777777777778,
      "w": 0.2777777777777778,
      "y": 0.4444444444444444
    }
  },
  "betweenness_centrality": {
    "cooccurrence": {
      "a": 0.06286799620132955,
      "b": 0.14811183732752362,
      "c": 0.055882352941176466,
      "d": 0.025417574437182282,
      "e": 0.003112356053532524,
      "h": 0.13105213595409673,
      "i": 0.08052902072509914,
      "l": 0.0,
      "m": 0.0,
      "n": 0.04550025138260433,
      "o": 0.12340691262259891,
      "p": 0.00954974582425563,
      "r": 0.003994190268700073,
      "s": 0.11252044977535171,
      "t": 0.09251318761122683,
      "u": 0.06070490874412443,
      "v": 0.04008714596949891,
      "w": 0.005823697000167588,
      "y": 0.024336230218583162
    }
  },
  "closeness_centrality": {
    "cooccurrence": {
      "a": 0.391304347826087,
      "b": 0.42857142857142855,
      "c": 0.391304347826087,
      "d": 0.3673469387755102,
      "e": 0.32142857142857145,
      "h": 0.3829787234042553,
      "i": 0.4090909090909091,
      "l": 0.1875,
      "m": 0.3,
      "n": 0.3829787234042553,
      "o": 0.45,
      "p": 0.32727272727272727,
      "r": 0.2571428571428571,
      "s": 0.4186046511627907,
      "t": 0.4090909090909091,
      "u": 0.391304347826087,
      "v": 0.36,
      "w": 0.28125,
      "y": 0.33962264150943394
    }
  }
}