{"all_pairs_dijkstra": {"inv_cooccurrence": {"a": {"a": 0, "t": 0.09090909090909091, "p": 0.125, "s": 0.125, "e": 0.125, "r": 0.14285714285714285, "n": 0.18055555555555555, "i": 0.20192307692307693, "c": 0.20833333333333331, "o": 0.2159090909090909, "l": 0.25, "d": 0.29166666666666663, "h": 0.325, "u": 0.3333333333333333, "m": 0.375, "w": 0.375, "y": 0.4305555555555556, "v": 0.5138888888888888, "b": 0.625}, "b": {"b": 0, "e": 0.5, "m": 0.5, "n": 0.5555555555555556, "r": 0.5588235294117647, "t": 0.5625, "i": 0.5769230769230769, "c": 0.5833333333333334, "o": 0.5909090909090909, "a": 0.625, "d": 0.6666666666666666, "h": 0.7, "p": 0.75, "w": 0.75, "s": 0.75, "y": 0.8055555555555556, "l": 0.8125, "v": 0.8888888888888888, "u": 0.892156862745098}, "c": {"c": 0, "e": 0.08333333333333333, "n": 0.1388888888888889, "r": 0.14215686274509803, "t": 0.14285714285714285, "i": 0.16025641025641024, "o": 0.17424242424242425, "a": 0.20833333333333331, "d": 0.25, "h": 0.2833333333333333, "m": 0.3333333333333333, "p": 0.3333333333333333, "w": 0.3333333333333333, "s": 0.3333333333333333, "y": 0.3888888888888889, "l": 0.39285714285714285, "v": 0.4722222222222222, "u": 0.47549019607843135, "b": 0.5833333333333334}, "d": {"d": 0, "e": 0.16666666666666666, "n": 0.2222222222222222, "r": 0.22549019607843135, "t": 0.22916666666666666, "i": 0.24358974358974358, "c": 0.25, "o": 0.25757575757575757, "a": 0.29166666666666663, "h": 0.3666666666666667, "m": 0.41666666666666663, "p": 0.41666666666666663, "w": 0.41666666666666663, "s": 0.41666666666666663, "y": 0.4722222222222222, "l": 0.47916666666666663, "v": 0.5555555555555556, "u": 0.5588235294117647, "b": 0.6666666666666666}, "e": {"e": 0, "n": 0.05555555555555555, "r": 0.058823529411764705, "t": 0.0625, "i": 0.07692307692307693, "c": 0.08333333333333333, "o": 0.09090909090909091, "a": 0.125, "d": 0.16666666666666666, "h": 0.2, "m": 0.25, "p": 0.25, "w": 0.25, "s": 0.25, "y": 0.3055555555555556, "l": 0.3125, "v": 0.38888888888888884, "u": 0.39215686274509803, "b": 0.5}, "h": {"h": 0, "e": 0.2, "n": 0.25555555555555554, "r": 0.25882352941176473, "t": 0.2625, "i": 0.27692307692307694, "c": 0.2833333333333333, "o": 0.2909090909090909, "a": 0.325, "d": 0.3666666666666667, "m": 0.45, "p": 0.45, "w": 0.45, "s": 0.45, "y": 0.5055555555555555, "l": 0.5125, "v": 0.5888888888888888, "u": 0.592156862745098, "b": 0.7}, "i": {"i": 0, "n": 0.06666666666666667, "e": 0.07692307692307693, "t": 0.125, "o": 0.125, "r": 0.13574660633484165, "c": 0.16025641025641024, "a": 0.20192307692307693, "d": 0.24358974358974358, "p": 0.26666666666666666, "h": 0.27692307692307694, "y": 0.31666666666666665, "s": 0.325, "m": 0.3269230769230769, "w": 0.3269230769230769, "l": 0.375, "v": 0.39999999999999997, "u": 0.46907993966817496, "b": 0.5769230769230769}, "l": {"l": 0, "s": 0.25, "a": 0.25, "t": 0.25, "e": 0.3125, "n": 0.34090909090909094, "r": 0.3713235294117647, "p": 0.375, "i": 0.375, "o": 0.375, "c": 0.39285714285714285, "d": 0.47916666666666663, "h": 0.5125, "m": 0.5625, "w": 0.5625, "u": 0.5833333333333333, "y": 0.5909090909090909, "v": 0.6742424242424243, "b": 0.8125}, "m": {"m": 0, "e": 0.25, "n": 0.3055555555555556, "r": 0.3088235294117647, "t": 0.3125, "i": 0.3269230769230769, "c": 0.3333333333333333, "o": 0.34090909090909094, "a": 0.375, "d": 0.41666666666666663, "h": 0.45, "b": 0.5, "p": 0.5, "w": 0.5, "s": 0.5, "y": 0.5555555555555556, "l": 0.5625, "v": 0.6388888888888888, "u": 0.642156862745098}, "n": {"n": 0, "e": 0.05555555555555555, "i": 0.06666666666666667, "t": 0.09090909090909091, "o": 0.09090909090909091, "r": 0.11437908496732026, "c": 0.1388888888888889, "a": 0.18055555555555555, "p": 0.2, "d": 0.2222222222222222, "y": 0.25, "h": 0.25555555555555554, "s": 0.2909090909090909, "m": 0.3055555555555556, "w": 0.3055555555555556, "v": 0.3333333333333333, "l": 0.34090909090909094, "u": 0.44771241830065356, "b": 0.5555555555555556}, "o": {"o": 0, "e": 0.09090909090909091, "n": 0.09090909090909091, "t": 0.125, "i": 0.125, "r": 0.1497326203208556, "c": 0.17424242424242425, "a": 0.2159090909090909, "p": 0.25, "d": 0.25757575757575757, "h": 0.2909090909090909, "s": 0.325, "m": 0.34090909090909094, "w": 0.34090909090909094, "y": 0.34090909090909094, "l": 0.375, "v": 0.4242424242424242, "u": 0.4830659536541889, "b": 0.5909090909090909}, "p": {"p": 0, "a": 0.125, "r": 0.2, "t": 0.2, "n": 0.2, "o": 0.25, "e": 0.25, "s": 0.25, "i": 0.26666666666666666, "c": 0.3333333333333333, "l": 0.375, "d": 0.41666666666666663, "y": 0.45, "h": 0.45, "u": 0.4583333333333333, "m": 0.5, "w": 0.5, "v": 0.5333333333333333, "b": 0.75}, "r": {"r": 0, "e": 0.058823529411764705, "n": 0.11437908496732026, "t": 0.1213235294117647, "i": 0.13574660633484165, "c": 0.14215686274509803, "a": 0.14285714285714285, "o": 0.1497326203208556, "p": 0.2, "d": 0.22549019607843135, "h": 0.25882352941176473, "s": 0.26785714285714285, "m": 0.3088235294117647, "w": 0.3088235294117647, "u": 0.3333333333333333, "y": 0.36437908496732024, "l": 0.3713235294117647, "v": 0.44771241830065356, "b": 0.5588235294117647}, "s": {"s": 0, "a": 0.125, "t": 0.2, "l": 0.25, "p": 0.25, "e": 0.25, "r": 0.26785714285714285, "n": 0.2909090909090909, "i": 0.325, "o": 0.325, "c": 0.3333333333333333, "d": 0.41666666666666663, "h": 0.45, "u": 0.4583333333333333, "m": 0.5, "w": 0.5, "y": 0.5409090909090909, "v": 0.6242424242424243, "b": 0.75}, "t": {"t": 0, "e": 0.0625, "a": 0.09090909090909091, "n": 0.09090909090909091, "r": 0.1213235294117647, "i": 0.125, "o": 0.125, "c": 0.14285714285714285, "p": 0.2, "s": 0.2, "d": 0.22916666666666666, "l": 0.25, "h": 0.2625, "m": 0.3125, "w": 0.3125, "y": 0.34090909090909094, "u": 0.4242424242424242, "v": 0.4242424242424242, "b": 0.5625}, "u": {"u": 0, "a": 0.3333333333333333, "r": 0.3333333333333333, "e": 0.39215686274509803, "t": 0.4242424242424242, "n": 0.44771241830065356, "p": 0.4583333333333333, "s": 0.4583333333333333, "i": 0.46907993966817496, "c": 0.47549019607843135, "o": 0.4830659536541889, "d": 0.5588235294117647, "l": 0.5833333333333333, "h": 0.592156862745098, "m": 0.642156862745098, "w": 0.642156862745098, "y": 0.6977124183006536, "v": 0.7810457516339868, "b": 0.892156862745098}, "v": {"v": 0, "n": 0.3333333333333333, "e": 0.38888888888888884, "i": 0.39999999999999997, "t": 0.4242424242424242, "o": 0.4242424242424242, "r": 0.44771241830065356, "c": 0.47222222222222215, "a": 0.5138888888888888, "p": 0.5333333333333333, "d": 0.5555555555555555, "y": 0.5833333333333333, "h": 0.5888888888888888, "s": 0.6242424242424243, "m": 0.6388888888888888, "w": 0.6388888888888888, "l": 0.6742424242424242, "u": 0.7810457516339868, "b": 0.8888888888888888}, "w": {"w": 0, "e": 0.25, "n": 0.3055555555555556, "r": 0.3088235294117647, "t": 0.3125, "i": 0.3269230769230769, "c": 0.3333333333333333, "o": 0.34090909090909094, "a": 0.375, "d": 0.41666666666666663, "h": 0.45, "m": 0.5, "p": 0.5, "s": 0.5, "y": 0.5555555555555556, "l": 0.5625, "v": 0.6388888888888888, "u": 0.642156862745098, "b": 0.75}, "y": {"y": 0, "n": 0.25, "e": 0.3055555555555556, "i": 0.31666666666666665, "t": 0.34090909090909094, "o": 0.34090909090909094, "r": 0.3643790849673203, "c": 0.3888888888888889, "a": 0.4305555555555556, "p": 0.45, "d": 0.4722222222222222, "h": 0.5055555555555555, "s": 0.540909090909091, "m": 0.5555555555555556, "w": 0.5555555555555556, "v": 0.5833333333333333, "l": 0.5909090909090909, "u": 0.6977124183006536, "b": 0.8055555555555556}}}}