{"degree_centrality": {"cooccurrence": {"a": 0.8095238095238095, "b": 0.2857142857142857, "c": 0.8095238095238095, "d": 0.7142857142857142, "e": 0.9047619047619047, "f": 0.5238095238095237, "g": 0.19047619047619047, "h": 0.23809523809523808, "i": 0.9047619047619047, "k": 0.2857142857142857, "l": 0.8095238095238095, "m": 0.7619047619047619, "n": 0.7619047619047619, "o": 0.8571428571428571, "p": 0.6666666666666666, "r": 0.8095238095238095, "s": 0.8095238095238095, "t": 0.9047619047619047, "u": 0.42857142857142855, "v": 0.47619047619047616, "w": 0.23809523809523808, "y": 0.5238095238095237}}, "betweenness_centrality": {"cooccurrence": {"a": 0.06317460317460317, "b": 0.0, "c": 0.02747955747955748, "d": 0.03986772486772488, "e": 0.03555555555555556, "f": 0.0346031746031746, "g": 0.016825396825396827, "h": 0.0011904761904761906, "i": 0.016031746031746032, "k": 0.00873015873015873, "l": 0.12434343434343434, "m": 0.039999999999999994, "n": 0.015045695045695046, "o": 0.014146224146224148, "p": 0.019841269841269844, "r": 0.05446608946608947, "s": 0.0009523809523809525, "t": 0.11085858585858585, "u": 0.024126984126984132, "v": 0.18116883116883115, "w": 0.04912698412698413, "y": 0.47075276575276576}}, "closeness_centrality": {"cooccurrence": {"a": 0.42, "b": 0.2625, "c": 0.39622641509433965, "d": 0.4117647058823529, "e": 0.3888888888888889, "f": 0.3684210526315789, "g": 0.35, "h": 0.2625, "i": 0.3333333333333333, "k": 0.328125, "l": 0.45652173913043476, "m": 0.3620689655172414, "n": 0.3230769230769231, "o": 0.328125, "p": 0.40384615384615385, "r": 0.42857142857142855, "s": 0.3088235294117647, "t": 0.45652173913043476, "u": 0.3888888888888889, "v": 0.42857142857142855, "w": 0.38181818181818183, "y": 0.5526315789473685}}}