{"degree_centrality": {"inv_cooccurrence": {"a": 0.7894736842105263, "c": 0.7894736842105263, "d": 0.2631578947368421, "e": 0.9473684210526315, "g": 0.3157894736842105, "h": 0.15789473684210525, "i": 0.7894736842105263, "k": 0.3157894736842105, "l": 0.631578947368421, "m": 0.5789473684210527, "n": 0.6842105263157894, "o": 0.8421052631578947, "p": 0.5789473684210527, "r": 0.8421052631578947, "s": 0.631578947368421, "t": 0.894736842105263, "u": 0.5263157894736842, "v": 0.2631578947368421, "w": 0.3157894736842105, "y": 0.5263157894736842}}, "betweenness_centrality": {"inv_cooccurrence": {"a": 0.0029239766081871343, "c": 0.038011695906432746, "d": 0.0, "e": 0.4122807017543859, "g": 0.0, "h": 0.0, "i": 0.16764132553606237, "k": 0.0, "l": 0.003898635477582846, "m": 0.0, "n": 0.0, "o": 0.008771929824561403, "p": 0.0, "r": 0.02046783625730994, "s": 0.0, "t": 0.1705653021442495, "u": 0.0, "v": 0.0, "w": 0.0, "y": 0.0}}, "closeness_centrality": {"inv_cooccurrence": {"a": 3.2509675498660324, "c": 3.58860529608127, "d": 3.2766553310662143, "e": 4.111826024917756, "g": 1.4737990420405245, "h": 1.408158833004543, "i": 3.9015600906719374, "k": 1.5143788623424652, "l": 2.8964708510163066, "m": 2.679846900334529, "n": 3.6294473961671256, "o": 3.7445610442794988, "p": 1.8366263012534523, "r": 3.194572040052761, "s": 3.028183060973296, "t": 3.954255009494592, "u": 1.494080709738745, "v": 3.2766553310662143, "w": 1.5143788623424652, "y": 1.494080709738745}}}