{"all_pairs_dijkstra": {"inv_cooccurrence": {"a": {"a": 0, "t": 0.1, "e": 0.125, "o": 0.14285714285714285, "i": 0.16346153846153846, "l": 0.16666666666666666, "c": 0.16666666666666666, "r": 0.16666666666666666, "n": 0.17142857142857143, "d": 0.19166666666666665, "v": 0.19166666666666665, "m": 0.2, "s": 0.225, "p": 0.43333333333333335, "h": 0.5, "g": 0.5, "u": 0.6, "y": 0.6, "w": 0.6, "k": 0.6}, "c": {"c": 0, "e": 0.05555555555555555, "n": 0.07142857142857142, "i": 0.07692307692307693, "o": 0.08333333333333333, "t": 0.1111111111111111, "d": 0.12222222222222222, "v": 0.12222222222222222, "s": 0.15555555555555556, "a": 0.16666666666666666, "r": 0.18055555555555555, "m": 0.1984126984126984, "l": 0.21978021978021978, "p": 0.41025641025641024, "h": 0.5, "w": 0.5555555555555556, "k": 0.5555555555555556, "g": 0.5555555555555556, "u": 0.5769230769230769, "y": 0.5769230769230769}, "d": {"d": 0, "e": 0.06666666666666667, "i": 0.10512820512820513, "v": 0.1111111111111111, "c": 0.12222222222222222, "o": 0.13333333333333333, "n": 0.1380952380952381, "t": 0.14358974358974358, "s": 0.16666666666666669, "r": 0.19166666666666665, "a": 0.19166666666666665, "m": 0.2095238095238095, "l": 0.247985347985348, "p": 0.43846153846153846, "w": 0.5666666666666667, "k": 0.5666666666666667, "g": 0.5666666666666667, "u": 0.6051282051282051, "y": 0.6051282051282051, "h": 0.6222222222222222}, "e": {"e": 0, "i": 0.038461538461538464, "c": 0.05555555555555555, "o": 0.06666666666666667, "d": 0.06666666666666667, "v": 0.06666666666666667, "n": 0.07142857142857142, "t": 0.07692307692307693, "s": 0.1, "r": 0.125, "a": 0.125, "m": 0.14285714285714285, "l": 0.1813186813186813, "p": 0.3717948717948718, "w": 0.5, "k": 0.5, "g": 0.5, "u": 0.5384615384615384, "y": 0.5384615384615384, "h": 0.5555555555555556}, "g": {"g": 0, "s": 0.5, "t": 0.5, "o": 0.5, "r": 0.5, "a": 0.5, "e": 0.5, "i": 0.5384615384615384, "n": 0.5454545454545454, "c": 0.5555555555555556, "d": 0.5666666666666667, "v": 0.5666666666666667, "l": 0.6428571428571428, "m": 0.6428571428571428, "p": 0.8333333333333333, "u": 1.0, "y": 1.0, "h": 1.0, "w": 1.0, "k": 1.0}, "h": {"h": 0, "c": 0.5, "a": 0.5, "t": 0.5, "e": 0.5555555555555556, "n": 0.5714285714285714, "o": 0.5714285714285714, "i": 0.5769230769230769, "d": 0.6222222222222222, "v": 0.6222222222222222, "r": 0.6428571428571428, "l": 0.6428571428571428, "s": 0.6555555555555556, "m": 0.6984126984126984, "p": 0.8333333333333333, "g": 1.0, "u": 1.0, "y": 1.0, "w": 1.0, "k": 1.0}, "i": {"i": 0, "e": 0.038461538461538464, "o": 0.06666666666666667, "n": 0.07142857142857142, "c": 0.07692307692307693, "t": 0.09090909090909091, "d": 0.10512820512820513, "v": 0.10512820512820513, "s": 0.13846153846153847, "l": 0.14285714285714285, "r": 0.16346153846153846, "a": 0.16346153846153846, "m": 0.1813186813186813, "p": 0.3333333333333333, "u": 0.5, "y": 0.5, "w": 0.5384615384615384, "k": 0.5384615384615384, "g": 0.5384615384615384, "h": 0.5769230769230769}, "k": {"k": 0, "n": 0.5, "e": 0.5, "t": 0.5, "w": 0.5, "o": 0.5, "r": 0.5, "i": 0.5384615384615384, "c": 0.5555555555555556, "d": 0.5666666666666667, "v": 0.5666666666666667, "s": 0.6, "a": 0.6, "m": 0.6428571428571428, "l": 0.6428571428571428, "p": 0.8333333333333333, "g": 1.0, "u": 1.0, "y": 1.0, "h": 1.0}, "l": {"l": 0, "i": 0.14285714285714285, "t": 0.14285714285714285, "a": 0.16666666666666666, "e": 0.1813186813186813, "o": 0.2, "n": 0.21428571428571427, "c": 0.21978021978021978, "d": 0.247985347985348, "v": 0.247985347985348, "s": 0.2813186813186813, "r": 0.2857142857142857, "m": 0.32417582417582413, "p": 0.3333333333333333, "u": 0.5, "y": 0.5, "h": 0.6428571428571428, "w": 0.6428571428571428, "k": 0.6428571428571428, "g": 0.6428571428571428}, "m": {"m": 0, "e": 0.14285714285714285, "i": 0.1813186813186813, "c": 0.1984126984126984, "t": 0.2, "a": 0.2, "o": 0.2095238095238095, "d": 0.2095238095238095, "v": 0.2095238095238095, "n": 0.21428571428571427, "s": 0.24285714285714285, "r": 0.26785714285714285, "l": 0.32417582417582413, "p": 0.5, "w": 0.6428571428571428, "k": 0.6428571428571428, "g": 0.6428571428571428, "u": 0.6813186813186813, "y": 0.6813186813186813, "h": 0.6984126984126984}, "n": {"n": 0, "o": 0.045454545454545456, "i": 0.07142857142857142, "e": 0.07142857142857142, "t": 0.07142857142857142, "c": 0.07142857142857142, "d": 0.1380952380952381, "v": 0.1380952380952381, "s": 0.16666666666666666, "a": 0.17142857142857143, "r": 0.19642857142857142, "l": 0.21428571428571427, "m": 0.21428571428571427, "p": 0.40476190476190477, "w": 0.5, "k": 0.5, "g": 0.5454545454545454, "u": 0.5714285714285714, "y": 0.5714285714285714, "h": 0.5714285714285714}, "o": {"o": 0, "n": 0.045454545454545456, "i": 0.06666666666666667, "e": 0.06666666666666667, "t": 0.07142857142857142, "c": 0.08333333333333333, "s": 0.125, "d": 0.13333333333333333, "v": 0.13333333333333333, "a": 0.14285714285714285, "r": 0.19166666666666665, "l": 0.2, "m": 0.2095238095238095, "p": 0.39999999999999997, "w": 0.5, "k": 0.5, "g": 0.5, "u": 0.5666666666666667, "y": 0.5666666666666667, "h": 0.5714285714285714}, "p": {"p": 0, "i": 0.3333333333333333, "l": 0.3333333333333333, "t": 0.3333333333333333, "e": 0.3717948717948718, "o": 0.39999999999999997, "n": 0.40476190476190477, "c": 0.41025641025641024, "a": 0.43333333333333335, "d": 0.43846153846153846, "v": 0.43846153846153846, "s": 0.4717948717948718, "r": 0.47619047619047616, "m": 0.5, "u": 0.8333333333333333, "y": 0.8333333333333333, "h": 0.8333333333333333, "w": 0.8333333333333333, "k": 0.8333333333333333, "g": 0.8333333333333333}, "r": {"r": 0, "e": 0.125, "t": 0.14285714285714285, "i": 0.16346153846153846, "a": 0.16666666666666666, "c": 0.18055555555555555, "o": 0.19166666666666665, "d": 0.19166666666666665, "v": 0.19166666666666665, "n": 0.19642857142857142, "s": 0.225, "m": 0.26785714285714285, "l": 0.2857142857142857, "p": 0.47619047619047616, "u": 0.5, "y": 0.5, "w": 0.5, "k": 0.5, "g": 0.5, "h": 0.6428571428571428}, "s": {"s": 0, "e": 0.1, "o": 0.125, "i": 0.13846153846153847, "c": 0.15555555555555556, "n": 0.16666666666666666, "d": 0.16666666666666669, "v": 0.16666666666666669, "t": 0.17692307692307693, "r": 0.225, "a": 0.225, "m": 0.24285714285714285, "l": 0.2813186813186813, "p": 0.4717948717948718, "g": 0.5, "w": 0.6, "k": 0.6, "u": 0.6384615384615384, "y": 0.6384615384615384, "h": 0.6555555555555556}, "t": {"t": 0, "n": 0.07142857142857142, "o": 0.07142857142857142, "e": 0.07692307692307693, "i": 0.09090909090909091, "a": 0.1, "c": 0.1111111111111111, "r": 0.14285714285714285, "l": 0.14285714285714285, "d": 0.14358974358974358, "v": 0.14358974358974358, "s": 0.17692307692307693, "m": 0.2, "p": 0.3333333333333333, "u": 0.5, "y": 0.5, "h": 0.5, "w": 0.5, "k": 0.5, "g": 0.5}, "u": {"u": 0, "r": 0.5, "i": 0.5, "t": 0.5, "y": 0.5, "l": 0.5, "e": 0.5384615384615384, "o": 0.5666666666666667, "n": 0.5714285714285714, "c": 0.5769230769230769, "a": 0.6, "d": 0.6051282051282051, "v": 0.6051282051282051, "s": 0.6384615384615384, "m": 0.6813186813186813, "p": 0.8333333333333333, "w": 1.0, "k": 1.0, "g": 1.0, "h": 1.0}, "v": {"v": 0, "e": 0.06666666666666667, "i": 0.10512820512820513, "d": 0.1111111111111111, "c": 0.12222222222222222, "o": 0.13333333333333333, "n": 0.1380952380952381, "t": 0.14358974358974358, "s": 0.16666666666666669, "r": 0.19166666666666665, "a": 0.19166666666666665, "m": 0.2095238095238095, "l": 0.247985347985348, "p": 0.43846153846153846, "w": 0.5666666666666667, "k": 0.5666666666666667, "g": 0.5666666666666667, "u": 0.6051282051282051, "y": 0.6051282051282051, "h": 0.6222222222222222}, "w": {"w": 0, "n": 0.5, "e": 0.5, "t": 0.5, "o": 0.5, "r": 0.5, "k": 0.5, "i": 0.5384615384615384, "c": 0.5555555555555556, "d": 0.5666666666666667, "v": 0.5666666666666667, "s": 0.6, "a": 0.6, "m": 0.6428571428571428, "l": 0.6428571428571428, "p": 0.8333333333333333, "g": 1.0, "u": 1.0, "y": 1.0, "h": 1.0}, "y": {"y": 0, "u": 0.5, "r": 0.5, "i": 0.5, "t": 0.5, "l": 0.5, "e": 0.5384615384615384, "o": 0.5666666666666667,