{"degree_centrality": {"inv_cooccurrence": {"a": 0.8095238095238095, "b": 0.2857142857142857, "c": 0.8095238095238095, "d": 0.7142857142857142, "e": 0.9047619047619047, "f": 0.5238095238095237, "g": 0.19047619047619047, "h": 0.23809523809523808, "i": 0.9047619047619047, "k": 0.2857142857142857, "l": 0.8095238095238095, "m": 0.7619047619047619, "n": 0.7619047619047619, "o": 0.8571428571428571, "p": 0.6666666666666666, "r": 0.8095238095238095, "s": 0.8095238095238095, "t": 0.9047619047619047, "u": 0.42857142857142855, "v": 0.47619047619047616, "w": 0.23809523809523808, "y": 0.5238095238095237}}, "betweenness_centrality": {"inv_cooccurrence": {"a": 0.002380952380952381, "b": 0.0, "c": 0.0, "d": 0.0, "e": 0.3880952380952381, "f": 0.0, "g": 0.0, "h": 0.0, "i": 0.24523809523809526, "k": 0.0, "l": 0.0, "m": 0.0, "n": 0.0, "o": 0.16666666666666669, "p": 0.0, "r": 0.014285714285714287, "s": 0.06904761904761905, "t": 0.0071428571428571435, "u": 0.0, "v": 0.0, "w": 0.0, "y": 0.0}}, "closeness_centrality": {"inv_cooccurrence": {"a": 5.121041566722525, "b": 3.013180840059532, "c": 5.623171858280074, "d": 3.998703370804777, "e": 6.01799236509297, "f": 4.0200828240053434, "g": 1.568831745498036, "h": 2.975075833295104, "i": 5.7328915822738145, "k": 1.606544240669565, "l": 4.4463509877731795, "m": 4.05327398973987, "n": 5.503379535396909, "o": 5.637114355102433, "p": 4.757657242978897, "r": 5.770780170825947, "s": 5.452966087278569, "t": 5.724827972386784, "u": 2.904484910879817, "v": 3.407391120972023, "w": 1.568831745498036, "y": 1.5648870837765751}}}