{"degree_centrality": {"cooccurrence": {"a": 0.7894736842105263, "c": 0.7894736842105263, "d": 0.2631578947368421, "e": 0.9473684210526315, "g": 0.3157894736842105, "h": 0.15789473684210525, "i": 0.7894736842105263, "k": 0.3157894736842105, "l": 0.631578947368421, "m": 0.5789473684210527, "n": 0.6842105263157894, "o": 0.8421052631578947, "p": 0.5789473684210527, "r": 0.8421052631578947, "s": 0.631578947368421, "t": 0.894736842105263, "u": 0.5263157894736842, "v": 0.2631578947368421, "w": 0.3157894736842105, "y": 0.5263157894736842}}, "betweenness_centrality": {"cooccurrence": {"a": 0.040128098022834874, "c": 0.0678919521024784, "d": 0.0, "e": 0.08261394226306507, "g": 0.003654970760233918, "h": 0.0, "i": 0.0, "k": 0.008398310591293047, "l": 0.0, "m": 0.017622760605216746, "n": 0.0, "o": 0.21762740183792814, "p": 0.2410865125777406, "r": 0.043418732015223234, "s": 0.03479068040471549, "t": 0.018843404808317088, "u": 0.18431263343544046, "v": 0.0, "w": 0.008398310591293047, "y": 0.18431263343544046}}, "closeness_centrality": {"cooccurrence": {"a": 0.3392857142857143, "c": 0.35185185185185186, "d": 0.17757009345794392, "e": 0.35185185185185186, "g": 0.296875, "h": 0.24050632911392406, "i": 0.24675324675324675, "k": 0.2923076923076923, "l": 0.2602739726027397, "m": 0.3333333333333333, "n": 0.2638888888888889, "o": 0.3584905660377358, "p": 0.41304347826086957, "r": 0.36538461538461536, "s": 0.3392857142857143, "t": 0.2923076923076923, "u": 0.4318181818181818, "v": 0.17757009345794392, "w": 0.2923076923076923, "y": 0.4318181818181818}}}