{"all_pairs_dijkstra": {"inv_cooccurrence": {"a": {"a": 0, "e": 0.043478260869565216, "i": 0.05, "n": 0.05263157894736842, "t": 0.058823529411764705, "r": 0.058823529411764705, "c": 0.06570048309178744, "o": 0.08193979933110368, "s": 0.08347826086956522, "p": 0.09903381642512077, "d": 0.1111111111111111, "m": 0.125, "l": 0.125, "f": 0.125, "v": 0.175, "b": 0.21666666666666667, "u": 0.24347826086956523, "h": 0.24860646599777034, "k": 0.5, "w": 0.5434782608695652, "g": 0.5434782608695652, "y": 0.55}, "b": {"b": 0, "i": 0.16666666666666666, "e": 0.19369369369369369, "t": 0.19444444444444442, "n": 0.1989247311827957, "c": 0.2037037037037037, "r": 0.21256161822199557, "a": 0.21666666666666667, "o": 0.2222222222222222, "s": 0.2336936936936937, "p": 0.24924924924924924, "l": 0.25, "f": 0.25, "d": 0.2777777777777778, "v": 0.29166666666666663, "m": 0.30480480480480476, "h": 0.38888888888888884, "u": 0.39369369369369367, "k": 0.6666666666666666, "y": 0.6666666666666666, "w": 0.6936936936936937, "g": 0.6936936936936937}, "c": {"c": 0, "e": 0.022222222222222223, "r": 0.029411764705882353, "o": 0.030303030303030304, "t": 0.03571428571428571, "i": 0.037037037037037035, "n": 0.05, "s": 0.06222222222222222, "a": 0.06570048309178744, "p": 0.07777777777777778, "l": 0.08585858585858586, "d": 0.11313131313131314, "f": 0.12037037037037036, "m": 0.1303030303030303, "v": 0.16203703703703703, "h": 0.19696969696969696, "u": 0.2, "b": 0.2037037037037037, "w": 0.5222222222222223, "g": 0.5222222222222223, "k": 0.5303030303030303, "y": 0.537037037037037}, "d": {"d": 0, "e": 0.09090909090909091, "r": 0.1097770154373928, "i": 0.1111111111111111, "a": 0.1111111111111111, "c": 0.11313131313131314, "t": 0.11655011655011654, "n": 0.12032085561497327, "o": 0.12937062937062938, "s": 0.13090909090909092, "p": 0.14646464646464646, "l": 0.17424242424242425, "f": 0.19090909090909092, "m": 0.20202020202020202, "v": 0.2361111111111111, "b": 0.2777777777777778, "u": 0.2909090909090909, "h": 0.296037296037296, "w": 0.5909090909090909, "g": 0.5909090909090909, "k": 0.6111111111111112, "y": 0.6111111111111112}, "e": {"e": 0, "r": 0.018867924528301886, "c": 0.022222222222222223, "t": 0.02564102564102564, "i": 0.02702702702702703, "n": 0.029411764705882353, "o": 0.038461538461538464, "s": 0.04, "a": 0.043478260869565216, "p": 0.05555555555555555, "l": 0.08333333333333333, "d": 0.09090909090909091, "f": 0.1, "m": 0.1111111111111111, "v": 0.15202702702702703, "b": 0.19369369369369369, "u": 0.2, "h": 0.20512820512820512, "w": 0.5, "g": 0.5, "k": 0.5256410256410257, "y": 0.527027027027027}, "f": {"f": 0, "i": 0.08333333333333333, "e": 0.1, "t": 0.1111111111111111, "n": 0.11559139784946236, "r": 0.11886792452830189, "c": 0.12037037037037036, "a": 0.125, "o": 0.13846153846153847, "s": 0.14, "p": 0.15555555555555556, "l": 0.18333333333333335, "d": 0.19090909090909092, "v": 0.20833333333333331, "m": 0.2111111111111111, "b": 0.25, "u": 0.30000000000000004, "h": 0.30512820512820515, "k": 0.5833333333333334, "y": 0.5833333333333334, "w": 0.6, "g": 0.6}, "g": {"g": 0, "e": 0.5, "s": 0.5, "r": 0.5188679245283019, "c": 0.5222222222222223, "t": 0.5256410256410257, "i": 0.527027027027027, "n": 0.5294117647058824, "o": 0.5384615384615384, "a": 0.5434782608695652, "p": 0.5555555555555556, "l": 0.5833333333333334, "d": 0.5909090909090909, "f": 0.6, "m": 0.6, "v": 0.652027027027027, "b": 0.6936936936936936, "u": 0.7, "h": 0.7051282051282051, "w": 1.0, "k": 1.0, "y": 1.0}, "h": {"h": 0, "o": 0.16666666666666666, "r": 0.19166666666666665, "c": 0.19696969696969696, "t": 0.1989247311827957, "n": 0.2037037037037037, "e": 0.20512820512820512, "s": 0.20666666666666667, "p": 0.21666666666666667, "i": 0.2222222222222222, "l": 0.2222222222222222, "a": 0.24860646599777034, "m": 0.26666666666666666, "d": 0.296037296037296, "f": 0.30512820512820515, "v": 0.3472222222222222, "b": 0.38888888888888884, "u": 0.39166666666666666, "k": 0.6666666666666666, "w": 0.7051282051282051, "g": 0.7051282051282051, "y": 0.7066666666666667}, "i": {"i": 0, "e": 0.02702702702702703, "t": 0.027777777777777776, "n": 0.03225806451612903, "c": 0.037037037037037035, "r": 0.04589495155532891, "a": 0.05, "o": 0.05555555555555555, "s": 0.06702702702702704, "p": 0.08258258258258258, "f": 0.08333333333333333, "l": 0.11036036036036036, "d": 0.1111111111111111, "v": 0.125, "m": 0.13813813813813813, "b": 0.16666666666666666, "h": 0.2222222222222222, "u": 0.22702702702702704, "k": 0.5, "y": 0.5, "w": 0.527027027027027, "g": 0.527027027027027}, "k": {"k": 0, "i": 0.5, "o": 0.5, "s": 0.5, "a": 0.5, "t": 0.5, "m": 0.5, "r": 0.525, "e": 0.5256410256410257, "c": 0.5303030303030303, "n": 0.532258064516129, "p": 0.55, "l": 0.5555555555555556, "f": 0.5833333333333334, "d": 0.6111111111111112, "v": 0.625, "b": 0.6666666666666666, "h": 0.6666666666666666, "u": 0.7, "y": 1.0, "w": 1.0, "g": 1.0}, "l": {"l": 0, "o": 0.05555555555555555, "r": 0.07142857142857142, "e": 0.08333333333333333, "c": 0.08585858585858586, "t": 0.08781362007168458, "n": 0.09259259259259259, "s": 0.09555555555555556, "p": 0.10555555555555556, "i": 0.11036036036036036, "a": 0.125, "m": 0.15555555555555556, "d": 0.17424242424242425, "f": 0.18333333333333335, "h": 0.2222222222222222, "v": 0.23536036036036034, "b": 0.25, "u": 0.27142857142857146, "k": 0.5555555555555556, "w": 0.5833333333333334, "g": 0.5833333333333334, "y": 0.5955555555555556}, "m": {"m": 0, "o": 0.1, "s": 0.1, "e": 0.1111111111111111, "r": 0.1111111111111111, "a": 0.125, "t": 0.125, "c": 0.1303030303030303, "n": 0.13703703703703704, "i": 0.13813813813813813, "p": 0.15000000000000002, "l": 0.15555555555555556, "d": 0.20202020202020202, "f": 0.2111111111111111, "u": 0.25, "v": 0.26313813813813813, "h": 0.26666666666666666, "b": 0.30480480480480476, "k": 0.5, "y": 0.6, "w": 0.6, "g": 0.6}, "n": {"n": 0, "e": 0.029411764705882353, "i": 0.03225806451612903, "o": 0.037037037037037035, "t": 0.038461538461538464, "r": 0.043478260869565216, "c": 0.05, "a": 0.05263157894736842, "s": 0.06941176470588235, "p": 0.08496732026143791, "l": 0.09259259259259259, "f": 0.11559139784946236, "d": 0.12032085561497327, "m": 0.13703703703703704, "v": 0.15725806451612903, "b": 0.1989247311827957, "h": 0.2037037037037037, "u": 0.22941176470588237, "w": 0.5294117647058824, "g": 0.5294117647058824, "k": 0.532258064516129, "y": 0.532258064516129}, "o": {"o": 0, "r": 0.025, "c": 0.030303030303030304, "t": 0.03225806451612903, "n": 0.037037037037037035, "e": 0.038461538461538464, "s": 0.04, "p": 0.05, "i": 0.05555555555555555, "l": 0.05555555555555555, "a": 0.08193979933110368, "m": 0.1, "d": 0.12937062937062938, "f": 0.13846153846153847, "h": 0.16666666666666666, "v": 0.18055555555555555, "b": 0.2222222222222222, "u": 0.225, "k": 0.5, "w": 0.5384615384615384, "g": 0.5384615384615384, "y": 0.54}, "p": {"p": 0, "o": 0.05, "e": 0.05555555555555555, "r": 0.0625, "c": 0.07777777777777778, "t": 0.08119658119658119, "i": 0.08258258258258258, "n": 0.08496732026143791, "s": 0.09, "a": 0.09903381642512077, "l": 0.10555555555555556, "d": 0.14646464646464646, "m": 0.15000000000000002, "f": 0.15555555555555556, "v": 0.20758258258258258, "h": 0.21666666666666667, "b": 0.24924924924924924, "u": 0.25555555555555554, "k": 0.55, "w": 0.5555555555555556, "g": 0.5555555555555556, "y": 0.5825825825825826}, "r": {"r": 0, "e": 0.018867924528301886, "o": 0.025, "c": 0.029411764705882353, "s": 0.034482758620689655, "t": 0.037037037037037035, "n": 0.043478260869565216, "i": 0.04589495155532891, "a": 0.058823529411764705, "p": 0.0625, "l": 0.07142857142857142, "d": 0.1097770154373928, "m": 0.1111111111111111, "f": 0.11886792452830189, "v": 0.1708949515553289, "h": 0.19166666666666665, "u": 0.2, "b": 0.21256161822199557, "w": 0.5188679245283019, "g": 0.5188679245283019, "k": 0.525, "y": 0.5344827586206896}, "s": {"s": 0, "r": 0.034482758620689655, "o": 0.04, "e": 0.04, "c": 0.06222222222222222, "t": 0.06564102564102564, "i": 0.06702702702702704, "n": 0.06941176470588235,