{"all_pairs_dijkstra": {"inv_cooccurrence": {"a": {"a": 0, "n": 1.0, "d": 1.0, "o": 1.0, "r": 1.0, "e": 1.1428571428571428, "c": 1.2, "t": 1.2, "i": 1.2, "g": 1.3333333333333333, "y": 1.45, "p": 1.5, "f": 1.5, "l": 1.6428571428571428, "u": 1.8333333333333333, "s": 2.0}, "c": {"c": 0, "e": 0.2, "n": 0.2, "o": 0.3333333333333333, "t": 0.4, "i": 0.4, "d": 0.45, "f": 0.5, "y": 0.65, "l": 0.7, "g": 0.7, "r": 0.7, "p": 0.7, "s": 1.0, "u": 1.2, "a": 1.2}, "d": {"d": 0, "e": 0.25, "n": 0.3333333333333333, "c": 0.45, "t": 0.45, "r": 0.5, "o": 0.5, "i": 0.5, "y": 0.7, "l": 0.75, "g": 0.75, "f": 0.75, "p": 0.8333333333333333, "a": 1.0, "s": 1.25, "u": 1.25}, "e": {"e": 0, "n": 0.14285714285714285, "c": 0.2, "t": 0.2, "d": 0.25, "i": 0.25, "o": 0.3333333333333333, "y": 0.45, "l": 0.5, "g": 0.5, "r": 0.5, "f": 0.5, "p": 0.6428571428571428, "s": 1.0, "u": 1.0, "a": 1.1428571428571428}, "f": {"f": 0, "c": 0.5, "n": 0.5, "e": 0.5, "o": 0.7, "t": 0.7, "i": 0.7, "d": 0.75, "y": 0.95, "p": 1.0, "g": 1.0, "r": 1.0, "l": 1.0, "s": 1.5, "u": 1.5, "a": 1.5}, "g": {"g": 0, "r": 0.3333333333333333, "e": 0.5, "o": 0.5, "u": 0.5, "p": 0.5, "i": 0.5, "n": 0.5, "c": 0.7, "t": 0.7, "d": 0.75, "y": 0.95, "l": 1.0, "f": 1.0, "a": 1.3333333333333333, "s": 1.5}, "i": {"i": 0, "n": 0.2, "e": 0.25, "t": 0.25, "c": 0.4, "o": 0.4, "g": 0.5, "y": 0.5, "d": 0.5, "p": 0.7, "r": 0.7, "f": 0.7, "l": 0.75, "u": 1.0, "s": 1.2, "a": 1.2}, "l": {"l": 0, "e": 0.5, "n": 0.6428571428571428, "c": 0.7, "t": 0.7, "d": 0.75, "i": 0.75, "o": 0.8333333333333333, "y": 0.95, "g": 1.0, "r": 1.0, "f": 1.0, "p": 1.1428571428571428, "s": 1.5, "u": 1.5, "a": 1.6428571428571428}, "n": {"n": 0, "e": 0.14285714285714285, "c": 0.2, "o": 0.2, "t": 0.2, "i": 0.2, "d": 0.3333333333333333, "y": 0.45, "p": 0.5, "g": 0.5, "r": 0.5, "f": 0.5, "l": 0.6428571428571428, "s": 1.0, "u": 1.0, "a": 1.0}, "o": {"o": 0, "n": 0.2, "c": 0.3333333333333333, "e": 0.3333333333333333, "t": 0.4, "i": 0.4, "p": 0.5, "g": 0.5, "r": 0.5, "d": 0.5, "y": 0.65, "f": 0.7, "l": 0.8333333333333333, "s": 1.0, "u": 1.0, "a": 1.0}, "p": {"p": 0, "o": 0.5, "n": 0.5, "g": 0.5, "e": 0.6428571428571428, "c": 0.7, "t": 0.7, "i": 0.7, "d": 0.8333333333333333, "r": 0.8333333333333333, "y": 0.95, "s": 1.0, "u": 1.0, "f": 1.0, "l": 1.1428571428571428, "a": 1.5}, "r": {"r": 0, "g": 0.3333333333333333, "e": 0.5, "d": 0.5, "o": 0.5, "n": 0.5, "c": 0.7, "t": 0.7, "i": 0.7, "u": 0.8333333333333333, "p": 0.8333333333333333, "y": 0.95, "l": 1.0, "a": 1.0, "f": 1.0, "s": 1.5}, "s": {"s": 0, "c": 1.0, "o": 1.0, "p": 1.0, "e": 1.0, "n": 1.0, "t": 1.0, "i": 1.2, "d": 1.25, "y": 1.25, "f": 1.5, "g": 1.5, "r": 1.5, "l": 1.5, "u": 2.0, "a": 2.0}, "t": {"t": 0, "e": 0.2, "n": 0.2, "i": 0.25, "y": 0.25, "c": 0.4, "o": 0.4, "d": 0.45, "l": 0.7, "g": 0.7, "r": 0.7, "f": 0.7, "p": 0.7, "s": 1.0, "u": 1.2, "a": 1.2}, "u": {"u": 0, "g": 0.5, "r": 0.8333333333333333, "o": 1.0, "p": 1.0, "i": 1.0, "n": 1.0, "e": 1.0, "c": 1.2, "t": 1.2, "d": 1.25, "y": 1.45, "l": 1.5, "f": 1.5, "a": 1.8333333333333333, "s": 2.0}, "y": {"y": 0, "t": 0.25, "e": 0.45, "n": 0.45, "i": 0.5, "c": 0.65, "o": 0.65, "d": 0.7, "l": 0.95, "g": 0.95, "r": 0.95, "f": 0.95, "p": 0.95, "s": 1.25, "u": 1.45, "a": 1.45}}}}