{"all_pairs_dijkstra": {"inv_cooccurrence": {"a": {"a": 0, "o": 0.045454545454545456, "n": 0.047619047619047616, "i": 0.05555555555555555, "t": 0.07142857142857142, "c": 0.08333333333333333, "s": 0.09090909090909091, "r": 0.09307359307359307, "l": 0.1111111111111111, "h": 0.12454212454212454, "y": 0.13095238095238093, "z": 0.13095238095238093, "e": 0.16450216450216448, "d": 0.18831168831168832, "p": 0.2414252414252414, "m": 0.34090909090909094, "g": 0.34090909090909094, "b": 0.5714285714285714, "w": 1.0, "k": 1.0}, "b": {"b": 0, "e": 0.5, "s": 0.5, "t": 0.5, "o": 0.5476190476190477, "n": 0.55, "i": 0.5588235294117647, "r": 0.5714285714285714, "a": 0.5714285714285714, "p": 0.5769230769230769, "c": 0.5909090909090909, "h": 0.6269230769230769, "y": 0.6333333333333334, "z": 0.6333333333333334, "l": 0.6428571428571428, "d": 0.6904761904761905, "m": 0.75, "g": 0.75, "k": 1.5, "w": 1.5}, "c": {"c": 0, "o": 0.05, "n": 0.05, "i": 0.07142857142857142, "a": 0.08333333333333333, "e": 0.09090909090909091, "r": 0.09761904761904762, "t": 0.09761904761904762, "s": 0.1125, "h": 0.12692307692307692, "y": 0.13333333333333333, "z": 0.13333333333333333, "l": 0.15000000000000002, "p": 0.16783216783216784, "d": 0.19285714285714284, "m": 0.34090909090909094, "g": 0.3625, "b": 0.5909090909090909, "w": 1.0714285714285714, "k": 1.0833333333333333}, "d": {"d": 0, "o": 0.14285714285714285, "r": 0.16666666666666666, "n": 0.16849816849816848, "i": 0.17511520737327188, "a": 0.18831168831168832, "t": 0.19047619047619047, "c": 0.19285714285714284, "e": 0.2, "s": 0.23099816849816848, "l": 0.24285714285714285, "h": 0.2454212454212454, "y": 0.2518315018315018, "z": 0.2518315018315018, "p": 0.27692307692307694, "m": 0.45, "g": 0.48099816849816845, "b": 0.6904761904761905, "w": 1.1751152073732718, "k": 1.1883116883116882}, "e": {"e": 0, "r": 0.07142857142857142, "p": 0.07692307692307693, "c": 0.09090909090909091, "t": 0.1111111111111111, "o": 0.11904761904761904, "s": 0.125, "n": 0.125, "i": 0.15130568356374807, "a": 0.16450216450216448, "d": 0.2, "h": 0.20192307692307693, "y": 0.20833333333333331, "z": 0.20833333333333331, "l": 0.21904761904761905, "m": 0.25, "g": 0.375, "b": 0.5, "w": 1.1111111111111112, "k": 1.1111111111111112}, "g": {"g": 0, "s": 0.25, "n": 0.3125, "i": 0.3333333333333333, "o": 0.33814102564102566, "a": 0.34090909090909094, "t": 0.3611111111111111, "c": 0.3625, "r": 0.3713235294117647, "e": 0.375, "h": 0.3894230769230769, "y": 0.3958333333333333, "z": 0.3958333333333333, "l": 0.43814102564102564, "p": 0.4519230769230769, "d": 0.4809981684981685, "m": 0.5, "b": 0.75, "k": 1.25, "w": 1.3333333333333333}, "h": {"h": 0, "n": 0.07692307692307693, "o": 0.10256410256410256, "i": 0.10633484162895929, "a": 0.12454212454212454, "c": 0.12692307692307692, "t": 0.12692307692307692, "r": 0.13574660633484165, "s": 0.13942307692307693, "y": 0.16025641025641024, "z": 0.16025641025641024, "e": 0.20192307692307693, "l": 0.20256410256410257, "d": 0.2454212454212454, "p": 0.27884615384615385, "m": 0.3894230769230769, "g": 0.3894230769230769, "b": 0.6269230769230769, "w": 1.1063348416289593, "k": 1.1245421245421245}, "i": {"i": 0, "n": 0.029411764705882353, "o": 0.03225806451612903, "a": 0.05555555555555555, "t": 0.058823529411764705, "c": 0.07142857142857142, "r": 0.07987711213517665, "s": 0.08333333333333333, "h": 0.10633484162895929, "y": 0.11274509803921567, "z": 0.11274509803921567, "l": 0.13225806451612904, "e": 0.15130568356374807, "d": 0.17511520737327188, "p": 0.228228760486825, "m": 0.3333333333333333, "g": 0.3333333333333333, "b": 0.5588235294117647, "w": 1.0, "k": 1.0555555555555556}, "k": {"k": 0, "t": 1.0, "a": 1.0, "s": 1.0, "o": 1.0454545454545454, "n": 1.0476190476190477, "i": 1.0555555555555556, "c": 1.0833333333333333, "r": 1.093073593073593, "e": 1.1111111111111112, "l": 1.1111111111111112, "h": 1.1245421245421245, "y": 1.130952380952381, "z": 1.130952380952381, "p": 1.188034188034188, "d": 1.1883116883116882, "m": 1.25, "g": 1.25, "b": 1.5, "w": 2.0}, "l": {"l": 0, "o": 0.1, "a": 0.1111111111111111, "n": 0.12564102564102564, "i": 0.13225806451612904, "t": 0.14285714285714285, "r": 0.14761904761904762, "c": 0.15000000000000002, "s": 0.18814102564102564, "h": 0.20256410256410257, "y": 0.20897435897435895, "z": 0.20897435897435895, "e": 0.21904761904761905, "d": 0.24285714285714285, "p": 0.295970695970696, "m": 0.43814102564102564, "g": 0.43814102564102564, "b": 0.6428571428571428, "w": 1.1111111111111112, "k": 1.1111111111111112}, "m": {"m": 0, "e": 0.25, "s": 0.25, "n": 0.3125, "r": 0.3214285714285714, "p": 0.3269230769230769, "t": 0.3333333333333333, "i": 0.3333333333333333, "o": 0.33814102564102566, "c": 0.34090909090909094, "a": 0.34090909090909094, "h": 0.3894230769230769, "y": 0.3958333333333333, "z": 0.3958333333333333, "l": 0.43814102564102564, "d": 0.45, "g": 0.5, "b": 0.75, "k": 1.25, "w": 1.3333333333333333}, "n": {"n": 0, "o": 0.02564102564102564, "i": 0.029411764705882353, "a": 0.047619047619047616, "c": 0.05, "t": 0.05, "r": 0.058823529411764705, "s": 0.0625, "h": 0.07692307692307693, "y": 0.08333333333333333, "z": 0.08333333333333333, "e": 0.125, "l": 0.12564102564102564, "d": 0.16849816849816848, "p": 0.20192307692307693, "m": 0.3125, "g": 0.3125, "b": 0.55, "w": 1.0294117647058822, "k": 1.0476190476190477}, "o": {"o": 0, "n": 0.02564102564102564, "i": 0.03225806451612903, "a": 0.045454545454545456, "r": 0.047619047619047616, "t": 0.047619047619047616, "c": 0.05, "s": 0.08814102564102563, "l": 0.1, "h": 0.10256410256410256, "y": 0.10897435897435898, "z": 0.10897435897435898, "e": 0.11904761904761904, "d": 0.14285714285714285, "p": 0.19597069597069597, "m": 0.33814102564102566, "g": 0.33814102564102566, "b": 0.5476190476190477, "w": 1.032258064516129, "k": 1.0454545454545454}, "p": {"p": 0, "e": 0.07692307692307693, "r": 0.14835164835164835, "c": 0.16783216783216784, "t": 0.18803418803418803, "o": 0.19597069597069597, "s": 0.20192307692307693, "n": 0.20192307692307693, "i": 0.228228760486825, "a": 0.2414252414252414, "d": 0.27692307692307694, "h": 0.27884615384615385, "y": 0.28525641025641024, "z": 0.28525641025641024, "l": 0.295970695970696, "m": 0.3269230769230769, "g": 0.4519230769230769, "b": 0.5769230769230769, "w": 1.188034188034188, "k": 1.188034188034188}, "r": {"r": 0, "o": 0.047619047619047616, "n": 0.058823529411764705, "e": 0.07142857142857142, "i": 0.07987711213517665, "a": 0.09307359307359307, "t": 0.09523809523809523, "c": 0.09761904761904762, "s": 0.1213235294117647, "h": 0.13574660633484165, "y": 0.14215686274509803, "z": 0.14215686274509803, "l": 0.14761904761904762, "p": 0.14835164835164835, "d": 0.16666666666666666, "m": 0.3214285714285714, "g": 0.3713235294117647, "b": 0.5714285714285714, "w": 1.0798771121351767, "k": 1.093073593073593}, "s": {"s": 0, "n": 0.0625, "i": 0.08333333333333333, "o": 0.08814102564102563, "a": 0.09090909090909091, "t": 0.1111111111111111, "c": 0.1125, "r": 0.1213235294117647, "e": 0.125, "h": 0.13942307692307693, "y": 0.14583333333333331, "z": 0.14583333333333331, "l": 0.18814102564102564, "p": 0.20192307692307693, "d": 0.23099816849816848, "m": 0.25, "g": 0.25, "b": 0.5, "k": 1.0, "w": 1.0833333333333333}, "t": {"t": 0, "o": 0.047619047619047616, "n": 0.05, "i": 0.058823529411764705, "a": 0.07142857142857142, "r": 0.09523809523809523, "c": 0.09761904761904762, "s": 0.1111111111111111, "e": 0.1111111111111111, "h": 0.12692307692307692, "y": 0.13333333333333333, "z": 0.13333333333333333, "l": 0.14285714285714285, "p": 0.18803418803418803, "d": 0.19047619047619047, "m": 0.3333333333333333, "g": 0.3611111111111111, "b": 0.5, "w": 1.0, "k": 1.0}, "w": {"w": 0, "a": 1.0, "i": 1.0, "t": 1.0, "n": 1.0294117647058822, "o": 1.032258064516129, "c": 1.0714285714285714, "r": 1.0798771121351767, "s": 1.0833333333333333, "h": 1.1063348416289591, "l": 1.1111111111111112, "e": 1.1111111111111112, "y": 1.1127450980392155, "z": 1.1127450980392155, "d": 1.1751152073732718, "p": 1.188034188034188, "m": 1.3333333333333333,