{"all_pairs_dijkstra": {"inv_cooccurrence": {"a": {"a": 0, "t": 0.045454545454545456, "o": 0.045454545454545456, "n": 0.07142857142857142, "m": 0.07692307692307693, "c": 0.09090909090909091, "i": 0.1, "p": 0.10427807486631016, "u": 0.10795454545454546, "e": 0.11688311688311688, "r": 0.14545454545454545, "s": 0.16666666666666666, "d": 0.17045454545454547, "g": 0.19642857142857142, "w": 0.2121212121212121, "k": 0.2121212121212121, "l": 0.2121212121212121, "y": 0.24188311688311687, "v": 0.24188311688311687, "h": 0.25, "x": 0.6168831168831169}, "c": {"c": 0, "o": 0.05555555555555555, "t": 0.058823529411764705, "a": 0.09090909090909091, "m": 0.09090909090909091, "n": 0.1, "p": 0.1111111111111111, "u": 0.1111111111111111, "i": 0.1111111111111111, "e": 0.125, "r": 0.15555555555555556, "d": 0.18055555555555555, "s": 0.2111111111111111, "w": 0.2222222222222222, "k": 0.2222222222222222, "l": 0.2222222222222222, "g": 0.225, "y": 0.25, "v": 0.25, "h": 0.3088235294117647, "x": 0.625}, "d": {"d": 0, "o": 0.125, "t": 0.15725806451612903, "a": 0.17045454545454547, "n": 0.17763157894736842, "c": 0.18055555555555555, "m": 0.18055555555555555, "i": 0.18382352941176472, "p": 0.1875, "u": 0.19166666666666665, "r": 0.225, "e": 0.22868663594470046, "s": 0.2887426900584795, "w": 0.29166666666666663, "k": 0.29166666666666663, "l": 0.29166666666666663, "g": 0.3026315789473684, "y": 0.35368663594470046, "v": 0.35368663594470046, "h": 0.407258064516129, "x": 0.7286866359447004}, "e": {"e": 0, "n": 0.0625, "t": 0.07142857142857142, "r": 0.09090909090909091, "o": 0.10368663594470046, "a": 0.11688311688311688, "g": 0.125, "y": 0.125, "c": 0.125, "v": 0.125, "i": 0.12698412698412698, "m": 0.12916666666666665, "p": 0.13025210084033612, "u": 0.13392857142857142, "s": 0.1736111111111111, "d": 0.22868663594470046, "h": 0.25, "w": 0.27035330261136714, "k": 0.27035330261136714, "l": 0.27035330261136714, "x": 0.5}, "g": {"g": 0, "e": 0.125, "n": 0.125, "t": 0.17045454545454547, "o": 0.17763157894736842, "m": 0.19166666666666665, "i": 0.19642857142857142, "a": 0.19642857142857142, "s": 0.2, "r": 0.2159090909090909, "c": 0.225, "p": 0.2292780748663102, "u": 0.23295454545454547, "y": 0.25, "v": 0.25, "d": 0.3026315789473684, "w": 0.3442982456140351, "k": 0.3442982456140351, "l": 0.3442982456140351, "h": 0.375, "x": 0.625}, "h": {"h": 0, "e": 0.25, "a": 0.25, "t": 0.25, "o": 0.282258064516129, "n": 0.29545454545454547, "i": 0.3055555555555556, "p": 0.3088235294117647, "c": 0.3088235294117647, "m": 0.3125, "u": 0.3125, "r": 0.34090909090909094, "g": 0.375, "y": 0.375, "v": 0.375, "s": 0.4065656565656566, "d": 0.407258064516129, "w": 0.44892473118279563, "k": 0.44892473118279563, "l": 0.44892473118279563, "x": 0.75}, "i": {"i": 0, "t": 0.05555555555555555, "o": 0.058823529411764705, "n": 0.07142857142857142, "a": 0.1, "c": 0.1111111111111111, "m": 0.1111111111111111, "p": 0.11437908496732026, "u": 0.11805555555555555, "e": 0.12698412698412698, "r": 0.1588235294117647, "s": 0.18253968253968253, "d": 0.18382352941176472, "g": 0.19642857142857142, "w": 0.22549019607843135, "k": 0.22549019607843135, "l": 0.22549019607843135, "y": 0.251984126984127, "v": 0.251984126984127, "h": 0.3055555555555556, "x": 0.626984126984127}, "k": {"k": 0, "o": 0.16666666666666666, "t": 0.1989247311827957, "a": 0.2121212121212121, "n": 0.21929824561403508, "c": 0.2222222222222222, "m": 0.2222222222222222, "i": 0.22549019607843135, "p": 0.22916666666666666, "u": 0.23333333333333334, "r": 0.26666666666666666, "e": 0.27035330261136714, "d": 0.29166666666666663, "s": 0.33040935672514615, "w": 0.3333333333333333, "l": 0.3333333333333333, "g": 0.3442982456140351, "y": 0.39535330261136714, "v": 0.39535330261136714, "h": 0.4489247311827957, "x": 0.7703533026113671}, "l": {"l": 0, "o": 0.16666666666666666, "t": 0.1989247311827957, "a": 0.2121212121212121, "n": 0.21929824561403508, "c": 0.2222222222222222, "m": 0.2222222222222222, "i": 0.22549019607843135, "p": 0.22916666666666666, "u": 0.23333333333333334, "r": 0.26666666666666666, "e": 0.27035330261136714, "d": 0.29166666666666663, "s": 0.33040935672514615, "w": 0.3333333333333333, "k": 0.3333333333333333, "g": 0.3442982456140351, "y": 0.39535330261136714, "v": 0.39535330261136714, "h": 0.4489247311827957, "x": 0.7703533026113671}, "m": {"m": 0, "o": 0.05555555555555555, "t": 0.0625, "n": 0.06666666666666667, "a": 0.07692307692307693, "c": 0.09090909090909091, "i": 0.1111111111111111, "p": 0.11805555555555555, "u": 0.12222222222222222, "e": 0.12916666666666665, "r": 0.15555555555555556, "s": 0.17777777777777776, "d": 0.18055555555555555, "g": 0.19166666666666665, "w": 0.2222222222222222, "k": 0.2222222222222222, "l": 0.2222222222222222, "y": 0.25416666666666665, "v": 0.25416666666666665, "h": 0.3125, "x": 0.6291666666666667}, "n": {"n": 0, "t": 0.045454545454545456, "o": 0.05263157894736842, "e": 0.0625, "m": 0.06666666666666667, "i": 0.07142857142857142, "a": 0.07142857142857142, "c": 0.1, "p": 0.10427807486631016, "u": 0.10795454545454546, "s": 0.1111111111111111, "g": 0.125, "r": 0.15263157894736842, "d": 0.17763157894736842, "y": 0.1875, "v": 0.1875, "w": 0.21929824561403508, "k": 0.21929824561403508, "l": 0.21929824561403508, "h": 0.29545454545454547, "x": 0.5625}, "o": {"o": 0, "t": 0.03225806451612903, "a": 0.045454545454545456, "n": 0.05263157894736842, "c": 0.05555555555555555, "m": 0.05555555555555555, "i": 0.058823529411764705, "p": 0.0625, "u": 0.06666666666666667, "r": 0.1, "e": 0.10368663594470046, "d": 0.125, "s": 0.16374269005847952, "w": 0.16666666666666666, "k": 0.16666666666666666, "l": 0.16666666666666666, "g": 0.17763157894736842, "y": 0.22868663594470046, "v": 0.22868663594470046, "h": 0.282258064516129, "x": 0.6036866359447004}, "p": {"p": 0, "t": 0.058823529411764705, "o": 0.0625, "a": 0.10427807486631016, "n": 0.10427807486631016, "c": 0.1111111111111111, "i": 0.11437908496732026, "m": 0.11805555555555555, "u": 0.1213235294117647, "e": 0.13025210084033612, "r": 0.1625, "d": 0.1875, "s": 0.21538918597742127, "w": 0.22916666666666666, "k": 0.22916666666666666, "l": 0.22916666666666666, "g": 0.22927807486631016, "y": 0.2552521008403361, "v": 0.2552521008403361, "h": 0.3088235294117647, "x": 0.6302521008403361}, "r": {"r": 0, "e": 0.09090909090909091, "o": 0.1, "t": 0.13225806451612904, "a": 0.14545454545454545, "n": 0.15263157894736842, "c": 0.15555555555555556, "m": 0.15555555555555556, "i": 0.1588235294117647, "p": 0.1625, "u": 0.16666666666666669, "y": 0.2, "g": 0.2159090909090909, "v": 0.2159090909090909, "d": 0.225, "s": 0.2637426900584795, "w": 0.26666666666666666, "k": 0.26666666666666666, "l": 0.26666666666666666, "h": 0.34090909090909094, "x": 0.5909090909090909}, "s": {"s": 0, "n": 0.1111111111111111, "t": 0.15656565656565657, "o": 0.16374269005847952, "a": 0.16666666666666666, "e": 0.1736111111111111, "m": 0.17777777777777776, "i": 0.18253968253968253, "g": 0.2, "c": 0.2111111111111111, "p": 0.2153891859774213, "u": 0.21906565656565657, "r": 0.2637426900584795, "d": 0.2887426900584795, "y": 0.2986111111111111, "v": 0.2986111111111111, "w": 0.33040935672514615, "k": 0.33040935672514615, "l": 0.33040935672514615, "h": 0.4065656565656566, "x": 0.6736111111111112}, "t": {"t": 0, "o": 0.03225806451612903, "a": 0.045454545454545456, "n": 0.045454545454545456, "i": 0.05555555555555555, "p": 0.058823529411764705, "c": 0.058823529411764705, "m": 0.0625, "u": 0.0625, "e": 0.07142857142857142, "r": 0.13225806451612904, "s": 0.15656565656565657, "d": 0.15725806451612903, "g": 0.17045454545454547, "y": 0.19642857142857142, "v": 0.19642857142857142, "w": 0.1989247311827957, "k": 0.1989247311827957, "l": 0.1989247311827957, "h": 0.25, "x": 0.5714285714285714}, "u": {"u": 0, "t": 0.0625, "o": 0.06666666666666667, "a": 0.10795454545454546, "n": 0.10795454545454546, "c": 0.1111111111111111, "i": 0.11805555555555555, "p": 0.1213235294117647, "m": 0.12222222222222222, "e": 0.13392857142857142, "r": 0.16666666666666669, "d": 0.19166666666666665,