{"degree_centrality": {"cooccurrence": {"a": 0.9473684210526315, "b": 0.47368421052631576, "c": 0.7894736842105263, "d": 0.47368421052631576, "e": 0.7894736842105263, "g": 0.3157894736842105, "h": 0.7368421052631579, "i": 0.9473684210526315, "k": 0.15789473684210525, "l": 0.631578947368421, "m": 0.6842105263157894, "n": 0.894736842105263, "o": 0.7894736842105263, "p": 0.5263157894736842, "r": 0.6842105263157894, "s": 0.8421052631578947, "t": 0.9473684210526315, "w": 0.15789473684210525, "y": 0.5263157894736842, "z": 0.5263157894736842}}, "betweenness_centrality": {"cooccurrence": {"a": 0.15545808966861602, "b": 0.291130604288499, "c": 0.015594541910331383, "d": 0.004093567251461988, "e": 0.0, "g": 0.0, "h": 0.13172514619883038, "i": 0.05794346978557505, "k": 0.04035087719298245, "l": 0.031140350877192986, "m": 0.23752436647173492, "n": 0.0021929824561403508, "o": 0.0, "p": 0.08840155945419102, "r": 0.0, "s": 0.024366471734892786, "t": 0.036062378167641324, "w": 0.029434697855750484, "y": 0.0, "z": 0.0}}, "closeness_centrality": {"cooccurrence": {"a": 0.3958333333333333, "b": 0.4318181818181818, "c": 0.3064516129032258, "d": 0.296875, "e": 0.2602739726027397, "g": 0.2835820895522388, "h": 0.3958333333333333, "i": 0.3584905660377358, "k": 0.31666666666666665, "l": 0.3584905660377358, "m": 0.3958333333333333, "n": 0.3275862068965517, "o": 0.2261904761904762, "p": 0.35185185185185186, "r": 0.18269230769230768, "s": 0.31666666666666665, "t": 0.3275862068965517, "w": 0.31666666666666665, "y": 0.19791666666666666, "z": 0.19791666666666666}}}