{"degree_centrality": {"inv_cooccurrence": {"a": 0.8500000000000001, "c": 0.75, "d": 0.6000000000000001, "e": 0.8500000000000001, "g": 0.5, "h": 0.15000000000000002, "i": 0.8, "k": 0.30000000000000004, "l": 0.5, "m": 0.6000000000000001, "n": 0.8500000000000001, "o": 0.8500000000000001, "p": 0.55, "r": 0.8, "s": 0.5, "t": 0.75, "u": 0.55, "v": 0.45, "w": 0.30000000000000004, "x": 0.35000000000000003, "y": 0.35000000000000003}}, "betweenness_centrality": {"inv_cooccurrence": {"a": 0.0, "c": 0.0, "d": 0.0, "e": 0.29473684210526313, "g": 0.0, "h": 0.0, "i": 0.0, "k": 0.0, "l": 0.0, "m": 0.0, "n": 0.17368421052631577, "o": 0.4184210526315789, "p": 0.0, "r": 0.0, "s": 0.0, "t": 0.31052631578947365, "u": 0.0, "v": 0.0, "w": 0.0, "x": 0.0, "y": 0.0}}, "closeness_centrality": {"inv_cooccurrence": {"a": 5.838899706352273, "c": 5.365896428315225, "d": 3.7609365401402606, "e": 5.832440058241994, "g": 3.905275236478075, "h": 2.75769934044588, "i": 5.402423145675634, "k": 3.2735951110838157, "l": 3.2735951110838157, "m": 5.4714589760145405, "n": 6.370307019384199, "o": 6.796192182150544, "p": 5.1857158420515725, "r": 4.680844087596691, "s": 3.847120738809806, "t": 6.848389644382248, "u": 5.093781617246479, "v": 3.445842066208842, "w": 3.2735951110838157, "x": 1.5468984970721027, "y": 3.455313116552316}}}