{"degree_centrality": {"cooccurrence": {"a": 0.6666666666666666, "b": 0.4444444444444444, "c": 0.611111111111111, "d": 0.4444444444444444, "e": 0.8333333333333333, "g": 0.4444444444444444, "i": 0.7777777777777777, "k": 0.1111111111111111, "l": 0.3333333333333333, "m": 0.5, "n": 0.4444444444444444, "o": 0.7777777777777777, "p": 0.5, "r": 0.9444444444444444, "s": 0.7222222222222222, "t": 0.9444444444444444, "u": 0.7222222222222222, "v": 0.3333333333333333, "y": 0.4444444444444444}}, "betweenness_centrality": {"cooccurrence": {"a": 0.10228758169934642, "b": 0.05536881419234361, "c": 0.007189542483660131, "d": 0.05536881419234361, "e": 0.09803921568627451, "g": 0.0032679738562091504, "i": 0.0284780578898226, "k": 0.0, "l": 0.06814503579209462, "m": 0.09403983815748522, "n": 0.05536881419234361, "o": 0.036601307189542485, "p": 0.09403983815748522, "r": 0.06786492374727669, "s": 0.008496732026143792, "t": 0.07407407407407407, "u": 0.1178182384064737, "v": 0.06814503579209462, "y": 0.006535947712418301}}, "closeness_centrality": {"cooccurrence": {"a": 0.32727272727272727, "b": 0.32727272727272727, "c": 0.2857142857142857, "d": 0.32727272727272727, "e": 0.2535211267605634, "g": 0.2727272727272727, "i": 0.3333333333333333, "k": 0.12244897959183673, "l": 0.34615384615384615, "m": 0.34615384615384615, "n": 0.32727272727272727, "o": 0.29508196721311475, "p": 0.34615384615384615, "r": 0.3157894736842105, "s": 0.2727272727272727, "t": 0.35294117647058826, "u": 0.32142857142857145, "v": 0.34615384615384615, "y": 0.16666666666666666}}}