{"all_pairs_dijkstra": {"inv_cooccurrence": {"a": {"a": 0, "n": 0.07692307692307693, "t": 0.08333333333333333, "o": 0.1, "r": 0.125, "i": 0.16666666666666666, "p": 0.2, "c": 0.2, "s": 0.2, "e": 0.20192307692307693, "l": 0.25, "g": 0.3269230769230769, "d": 0.3333333333333333, "f": 0.41666666666666663, "m": 0.5, "y": 0.5, "x": 0.5769230769230769, "h": 0.5769230769230769}, "c": {"c": 0, "n": 0.16666666666666666, "a": 0.2, "t": 0.24358974358974358, "i": 0.25757575757575757, "e": 0.29166666666666663, "r": 0.29166666666666663, "o": 0.30000000000000004, "s": 0.3333333333333333, "p": 0.4, "g": 0.41666666666666663, "l": 0.45, "d": 0.5333333333333333, "f": 0.5769230769230769, "x": 0.6666666666666666, "h": 0.6666666666666666, "m": 0.7, "y": 0.7}, "d": {"d": 0, "e": 0.25, "a": 0.3333333333333333, "r": 0.3333333333333333, "i": 0.3333333333333333, "n": 0.375, "t": 0.41666666666666663, "o": 0.43333333333333335, "l": 0.5, "g": 0.5, "p": 0.5333333333333333, "c": 0.5333333333333333, "s": 0.5333333333333333, "f": 0.6666666666666666, "m": 0.8333333333333333, "y": 0.8333333333333333, "x": 0.875, "h": 0.875}, "e": {"e": 0, "i": 0.1111111111111111, "n": 0.125, "t": 0.16666666666666666, "r": 0.16666666666666666, "a": 0.20192307692307693, "g": 0.25, "d": 0.25, "o": 0.26785714285714285, "c": 0.29166666666666663, "s": 0.29166666666666663, "p": 0.40192307692307694, "f": 0.4444444444444444, "l": 0.4519230769230769, "x": 0.625, "h": 0.625, "m": 0.6666666666666666, "y": 0.7019230769230769}, "f": {"f": 0, "t": 0.3333333333333333, "r": 0.3333333333333333, "i": 0.3333333333333333, "n": 0.41025641025641024, "a": 0.41666666666666663, "e": 0.4444444444444444, "o": 0.4583333333333333, "p": 0.5, "l": 0.5, "m": 0.5, "s": 0.5, "c": 0.5769230769230769, "g": 0.6602564102564102, "d": 0.6666666666666666, "x": 0.9102564102564102, "h": 0.9102564102564102, "y": 0.9166666666666666}, "g": {"g": 0, "e": 0.25, "n": 0.25, "a": 0.3269230769230769, "t": 0.3269230769230769, "i": 0.34090909090909094, "r": 0.375, "o": 0.39285714285714285, "c": 0.41666666666666663, "s": 0.41666666666666663, "x": 0.5, "h": 0.5, "d": 0.5, "p": 0.5269230769230769, "l": 0.5769230769230769, "f": 0.6602564102564102, "m": 0.8269230769230769, "y": 0.8269230769230769}, "h": {"h": 0, "n": 0.5, "g": 0.5, "a": 0.5769230769230769, "t": 0.5769230769230769, "i": 0.5909090909090909, "e": 0.625, "r": 0.625, "o": 0.6428571428571428, "c": 0.6666666666666666, "s": 0.6666666666666666, "p": 0.7769230769230768, "l": 0.8269230769230769, "d": 0.875, "f": 0.9102564102564101, "x": 1.0, "m": 1.0769230769230769, "y": 1.0769230769230769}, "i": {"i": 0, "n": 0.09090909090909091, "e": 0.1111111111111111, "t": 0.1111111111111111, "a": 0.16666666666666666, "r": 0.16666666666666666, "o": 0.23376623376623376, "c": 0.25757575757575757, "s": 0.25757575757575757, "d": 0.3333333333333333, "f": 0.3333333333333333, "g": 0.34090909090909094, "p": 0.3611111111111111, "l": 0.41666666666666663, "x": 0.5909090909090909, "h": 0.5909090909090909, "m": 0.6111111111111112, "y": 0.6666666666666666}, "l": {"l": 0, "a": 0.25, "n": 0.3269230769230769, "p": 0.3333333333333333, "o": 0.3333333333333333, "r": 0.3333333333333333, "t": 0.3333333333333333, "i": 0.41666666666666663, "c": 0.45, "s": 0.45, "e": 0.4519230769230769, "f": 0.5, "m": 0.5, "d": 0.5, "g": 0.5769230769230769, "y": 0.75, "x": 0.8269230769230769, "h": 0.8269230769230769}, "m": {"m": 0, "p": 0.5, "l": 0.5, "a": 0.5, "t": 0.5, "f": 0.5, "o": 0.5, "r": 0.5, "n": 0.5769230769230769, "i": 0.6111111111111112, "s": 0.6666666666666666, "e": 0.6666666666666666, "c": 0.7, "g": 0.8269230769230769, "d": 0.8333333333333333, "y": 1.0, "x": 1.0769230769230769, "h": 1.0769230769230769}, "n": {"n": 0, "a": 0.07692307692307693, "t": 0.07692307692307693, "i": 0.09090909090909091, "e": 0.125, "r": 0.125, "o": 0.14285714285714285, "c": 0.16666666666666666, "s": 0.16666666666666666, "g": 0.25, "p": 0.27692307692307694, "l": 0.3269230769230769, "d": 0.375, "f": 0.41025641025641024, "x": 0.5, "h": 0.5, "m": 0.5769230769230769, "y": 0.5769230769230769}, "o": {"o": 0, "a": 0.1, "t": 0.125, "n": 0.14285714285714285, "r": 0.16666666666666666, "i": 0.23376623376623376, "p": 0.25, "e": 0.26785714285714285, "s": 0.29166666666666663, "c": 0.30000000000000004, "l": 0.3333333333333333, "g": 0.39285714285714285, "d": 0.43333333333333335, "f": 0.4583333333333333, "m": 0.5, "y": 0.6, "x": 0.6428571428571428, "h": 0.6428571428571428}, "p": {"p": 0, "a": 0.2, "t": 0.25, "o": 0.25, "n": 0.27692307692307694, "r": 0.325, "l": 0.3333333333333333, "i": 0.3611111111111111, "c": 0.4, "s": 0.4, "e": 0.40192307692307694, "f": 0.5, "m": 0.5, "g": 0.5269230769230769, "d": 0.5333333333333333, "y": 0.7, "x": 0.7769230769230769, "h": 0.7769230769230769}, "r": {"r": 0, "t": 0.1111111111111111, "a": 0.125, "n": 0.125, "o": 0.16666666666666666, "i": 0.16666666666666666, "e": 0.16666666666666666, "s": 0.2777777777777778, "c": 0.29166666666666663, "p": 0.325, "l": 0.3333333333333333, "f": 0.3333333333333333, "d": 0.3333333333333333, "g": 0.375, "m": 0.5, "y": 0.625, "x": 0.625, "h": 0.625}, "s": {"s": 0, "t": 0.16666666666666666, "n": 0.16666666666666666, "a": 0.2, "i": 0.25757575757575757, "r": 0.2777777777777778, "o": 0.29166666666666663, "e": 0.29166666666666663, "c": 0.3333333333333333, "p": 0.4, "g": 0.41666666666666663, "l": 0.45, "f": 0.5, "d": 0.5333333333333333, "m": 0.6666666666666666, "x": 0.6666666666666666, "h": 0.6666666666666666, "y": 0.7}, "t": {"t": 0, "n": 0.07692307692307693, "a": 0.08333333333333333, "r": 0.1111111111111111, "i": 0.1111111111111111, "o": 0.125, "s": 0.16666666666666666, "e": 0.16666666666666666, "c": 0.24358974358974358, "p": 0.25, "g": 0.3269230769230769, "f": 0.3333333333333333, "l": 0.3333333333333333, "d": 0.41666666666666663, "m": 0.5, "x": 0.5769230769230769, "h": 0.5769230769230769, "y": 0.5833333333333334}, "x": {"x": 0, "n": 0.5, "g": 0.5, "a": 0.5769230769230769, "t": 0.5769230769230769, "i": 0.5909090909090909, "e": 0.625, "r": 0.625, "o": 0.6428571428571428, "c": 0.6666666666666666, "s": 0.6666666666666666, "p": 0.7769230769230768, "l": 0.8269230769230769, "d": 0.875, "f": 0.9102564102564101, "h": 1.0, "m": 1.0769230769230769, "y": 1.0769230769230769}, "y": {"y": 0, "a": 0.5, "n": 0.5769230769230769, "t": 0.5833333333333334, "o": 0.6, "r": 0.625, "i": 0.6666666666666666, "p": 0.7, "c": 0.7, "s": 0.7, "e": 0.7019230769230769, "l": 0.75, "g": 0.8269230769230769, "d": 0.8333333333333333, "f": 0.9166666666666667, "m": 1.0, "x": 1.0769230769230769, "h": 1.0769230769230769}}}}