{"degree_centrality": {"cooccurrence": {"a": 1.0, "c": 0.6470588235294118, "d": 0.7058823529411764, "e": 0.8823529411764706, "f": 0.6470588235294118, "g": 0.5882352941176471, "h": 0.4117647058823529, "i": 0.8235294117647058, "l": 0.6470588235294118, "m": 0.4117647058823529, "n": 0.8235294117647058, "o": 0.8235294117647058, "p": 0.7647058823529411, "r": 0.8235294117647058, "s": 0.5294117647058824, "t": 0.7647058823529411, "x": 0.4117647058823529, "y": 0.29411764705882354}}, "betweenness_centrality": {"cooccurrence": {"a": 0.03308823529411765, "c": 0.03237044817927171, "d": 0.17426470588235293, "e": 0.03947829131652661, "f": 0.05845588235294118, "g": 0.11801470588235294, "h": 0.04175420168067227, "i": 0.052345938375350134, "l": 0.02536764705882353, "m": 0.0029411764705882353, "n": 0.004901960784313725, "o": 0.01531862745098039, "p": 0.16123949579831934, "r": 0.005514705882352941, "s": 0.001838235294117647, "t": 0.0024509803921568627, "x": 0.04175420168067227, "y": 0.07592787114845936}}, "closeness_centrality": {"cooccurrence": {"a": 0.40476190476190477, "c": 0.4146341463414634, "d": 0.4857142857142857, "e": 0.425, "f": 0.4473684210526316, "g": 0.4722222222222222, "h": 0.4358974358974359, "i": 0.4473684210526316, "l": 0.4358974358974359, "m": 0.3695652173913043, "n": 0.3695652173913043, "o": 0.3953488372093023, "p": 0.5151515151515151, "r": 0.3617021276595745, "s": 0.37777777777777777, "t": 0.3541666666666667, "x": 0.4358974358974359, "y": 0.4594594594594595}}}