{"all_pairs_dijkstra": {"inv_cooccurrence": {"a": {"a": 0, "t": 0.023809523809523808, "i": 0.029411764705882353, "n": 0.03333333333333333, "e": 0.043478260869565216, "o": 0.047619047619047616, "r": 0.058823529411764705, "c": 0.07289002557544758, "g": 0.08333333333333333, "s": 0.08347826086956522, "u": 0.08630952380952381, "l": 0.1, "p": 0.10073260073260074, "v": 0.10084033613445378, "h": 0.1111111111111111, "m": 0.1111111111111111, "d": 0.13095238095238093, "y": 0.1349206349206349, "f": 0.15441176470588236, "b": 0.19607843137254902, "x": 0.19999999999999998, "w": 0.25882352941176473, "k": 0.3571428571428571, "z": 0.5, "q": 0.5434782608695652}, "b": {"b": 0, "i": 0.16666666666666666, "t": 0.1827956989247312, "n": 0.18333333333333332, "o": 0.1923076923076923, "a": 0.19607843137254902, "e": 0.20512820512820512, "c": 0.21014492753623187, "r": 0.21666666666666667, "u": 0.22916666666666666, "v": 0.23809523809523808, "s": 0.24512820512820513, "p": 0.2597187758478081, "l": 0.2597187758478081, "g": 0.2661290322580645, "d": 0.2756410256410256, "m": 0.28205128205128205, "y": 0.29166666666666663, "f": 0.29166666666666663, "h": 0.30718954248366015, "x": 0.35, "w": 0.4166666666666667, "k": 0.5161290322580645, "z": 0.6666666666666666, "q": 0.7051282051282051}, "c": {"c": 0, "i": 0.043478260869565216, "n": 0.05, "e": 0.05263157894736842, "t": 0.058823529411764705, "o": 0.06911928651059085, "r": 0.07263157894736842, "a": 0.07289002557544758, "s": 0.09263157894736843, "u": 0.10597826086956522, "v": 0.11490683229813664, "l": 0.12955465587044535, "m": 0.12955465587044535, "p": 0.13574660633484165, "g": 0.14215686274509803, "d": 0.15245261984392416, "f": 0.16666666666666666, "y": 0.16847826086956522, "h": 0.18400113668655868, "b": 0.21014492753623187, "x": 0.21666666666666667, "w": 0.27263157894736845, "k": 0.3833333333333333, "z": 0.5434782608695652, "q": 0.5526315789473684}, "d": {"d": 0, "o": 0.08333333333333333, "n": 0.10460992907801418, "t": 0.10714285714285714, "i": 0.10897435897435898, "r": 0.11666666666666667, "e": 0.12037037037037036, "a": 0.13095238095238093, "u": 0.13596491228070173, "c": 0.1524526198439242, "s": 0.16014492753623188, "p": 0.16666666666666666, "v": 0.1804029304029304, "l": 0.18406593406593408, "g": 0.19047619047619047, "m": 0.19729344729344728, "y": 0.21825396825396826, "f": 0.23397435897435898, "h": 0.24206349206349204, "x": 0.2712765957446808, "b": 0.27564102564102566, "w": 0.31666666666666665, "k": 0.4379432624113475, "z": 0.5833333333333334, "q": 0.6203703703703703}, "e": {"e": 0, "r": 0.02, "n": 0.02564102564102564, "t": 0.02631578947368421, "o": 0.037037037037037035, "i": 0.038461538461538464, "s": 0.04, "a": 0.043478260869565216, "c": 0.05263157894736842, "v": 0.07142857142857142, "l": 0.07692307692307693, "m": 0.07692307692307693, "p": 0.08333333333333333, "u": 0.08666666666666667, "g": 0.10964912280701754, "d": 0.12037037037037036, "y": 0.13742690058479531, "h": 0.15458937198067632, "f": 0.16346153846153846, "x": 0.1923076923076923, "b": 0.20512820512820512, "w": 0.22, "k": 0.3333333333333333, "q": 0.5, "z": 0.5263157894736842}, "f": {"f": 0, "i": 0.125, "t": 0.1411290322580645, "n": 0.14166666666666666, "o": 0.15064102564102563, "a": 0.15441176470588236, "e": 0.16346153846153846, "c": 0.16666666666666666, "r": 0.175, "u": 0.1875, "v": 0.19642857142857142, "s": 0.20346153846153847, "p": 0.21805210918114143, "l": 0.21805210918114143, "g": 0.22446236559139782, "d": 0.23397435897435898, "m": 0.2403846153846154, "y": 0.25, "h": 0.26552287581699346, "b": 0.29166666666666663, "x": 0.30833333333333335, "w": 0.375, "k": 0.4744623655913978, "z": 0.625, "q": 0.6634615384615384}, "g": {"g": 0, "a": 0.08333333333333333, "t": 0.08333333333333333, "i": 0.09946236559139784, "n": 0.10220125786163521, "o": 0.10714285714285714, "e": 0.10964912280701754, "r": 0.12179487179487179, "c": 0.14215686274509803, "u": 0.14583333333333331, "s": 0.14964912280701753, "p": 0.16025641025641024, "l": 0.16025641025641024, "v": 0.17089093701996927, "m": 0.18657219973009448, "d": 0.19047619047619047, "h": 0.19444444444444442, "y": 0.19444444444444442, "f": 0.22446236559139784, "b": 0.2661290322580645, "x": 0.2688679245283019, "w": 0.3217948717948718, "k": 0.41666666666666663, "z": 0.5833333333333334, "q": 0.6096491228070176}, "h": {"h": 0, "a": 0.1111111111111111, "t": 0.1349206349206349, "i": 0.14052287581699346, "n": 0.14444444444444443, "e": 0.15458937198067632, "o": 0.15873015873015872, "r": 0.16993464052287582, "c": 0.18400113668655868, "g": 0.19444444444444442, "s": 0.19458937198067633, "u": 0.1974206349206349, "m": 0.2, "l": 0.2111111111111111, "p": 0.21184371184371184, "v": 0.2119514472455649, "d": 0.24206349206349204, "y": 0.24603174603174602, "f": 0.26552287581699346, "b": 0.30718954248366015, "x": 0.3111111111111111, "w": 0.36993464052287583, "k": 0.46825396825396826, "z": 0.6111111111111112, "q": 0.6545893719806763}, "i": {"i": 0, "t": 0.016129032258064516, "n": 0.016666666666666666, "o": 0.02564102564102564, "a": 0.029411764705882353, "e": 0.038461538461538464, "c": 0.043478260869565216, "r": 0.05, "u": 0.0625, "v": 0.07142857142857142, "s": 0.07846153846153847, "p": 0.09305210918114144, "l": 0.09305210918114144, "g": 0.09946236559139784, "d": 0.10897435897435898, "m": 0.11538461538461539, "y": 0.125, "f": 0.125, "h": 0.14052287581699346, "b": 0.16666666666666666, "x": 0.18333333333333332, "w": 0.25, "k": 0.3494623655913978, "z": 0.5, "q": 0.5384615384615384}, "k": {"k": 0, "n": 0.3333333333333333, "e": 0.3333333333333333, "t": 0.3333333333333333, "r": 0.3333333333333333, "i": 0.3494623655913978, "o": 0.35460992907801414, "a": 0.3571428571428571, "s": 0.3733333333333333, "c": 0.3833333333333333, "u": 0.3958333333333333, "v": 0.40476190476190477, "l": 0.41025641025641024, "m": 0.41025641025641024, "p": 0.41025641025641024, "g": 0.41666666666666663, "d": 0.43794326241134746, "y": 0.4444444444444444, "h": 0.4682539682539682, "f": 0.4744623655913978, "w": 0.5, "x": 0.5, "b": 0.5161290322580645, "q": 0.8333333333333333, "z": 0.8333333333333333}, "l": {"l": 0, "e": 0.07692307692307693, "t": 0.07692307692307693, "i": 0.09305210918114144, "n": 0.09579100145137881, "r": 0.09692307692307693, "a": 0.1, "o": 0.10073260073260074, "s": 0.11692307692307694, "u": 0.125, "c": 0.12955465587044535, "v": 0.14835164835164835, "m": 0.15384615384615385, "p": 0.15384615384615385, "g": 0.16025641025641024, "d": 0.18406593406593408, "y": 0.18803418803418803, "h": 0.2111111111111111, "f": 0.21805210918114143, "b": 0.2597187758478081, "x": 0.2624576681180455, "w": 0.29692307692307696, "k": 0.41025641025641024, "q": 0.5769230769230769, "z": 0.5769230769230769}, "m": {"m": 0, "e": 0.07692307692307693, "r": 0.09692307692307693, "n": 0.10256410256410256, "t": 0.10323886639676114, "a": 0.1111111111111111, "o": 0.11396011396011396, "i": 0.11538461538461539, "s": 0.11692307692307694, "c": 0.12955465587044535, "v": 0.14835164835164835, "l": 0.15384615384615385, "p": 0.16025641025641024, "u": 0.1635897435897436, "g": 0.18657219973009448, "d": 0.19729344729344728, "h": 0.2, "y": 0.21434997750787224, "f": 0.2403846153846154, "x": 0.2692307692307692, "b": 0.28205128205128205, "w": 0.29692307692307696, "k": 0.41025641025641024, "q": 0.5769230769230769, "z": 0.6032388663967612}, "n": {"n": 0, "i": 0.016666666666666666, "t": 0.018867924528301886, "o": 0.02127659574468085, "e": 0.02564102564102564, "a": 0.03333333333333333, "r": 0.04564102564102564, "c": 0.05, "s": 0.06564102564102564, "u": 0.07390817469204927, "v": 0.08809523809523809, "p": 0.09579100145137881, "l": 0.09579100145137881, "g": 0.10220125786163521, "m": 0.10256410256410256, "d": 0.10460992907801418, "y": 0.129979035639413, "f": 0.14166666666666666, "h": 0.14444444444444443, "x": 0.16666666666666666, "b": 0.18333333333333332, "w": 0.24564102564102563, "k": 0.3333333333333333, "z": 0.5166666666666667, "q": 0.5256410256410257}, "o": {"o": 0, "n": 0.02127659574468085, "t": 0.023809523809523808, "i": 0.02564102564102564,