{"degree_centrality": {"cooccurrence": {"a": 0.9583333333333333, "b": 0.4583333333333333, "c": 0.875, "d": 0.25, "e": 0.9166666666666666, "f": 0.5416666666666666, "g": 0.5, "h": 0.5833333333333333, "i": 0.7916666666666666, "k": 0.375, "l": 0.75, "m": 0.5833333333333333, "n": 0.9583333333333333, "o": 0.875, "p": 0.7083333333333333, "q": 0.25, "r": 0.75, "s": 0.75, "t": 0.9166666666666666, "u": 0.875, "v": 0.41666666666666663, "w": 0.3333333333333333, "x": 0.3333333333333333, "y": 0.6666666666666666, "z": 0.3333333333333333}}, "betweenness_centrality": {"cooccurrence": {"a": 0.04815102369450196, "b": 0.021250287554635382, "c": 0.0920436246523203, "d": 0.0, "e": 0.0, "f": 0.06375818223644311, "g": 0.08182680845724324, "h": 0.13828293284815021, "i": 0.0, "k": 0.029891304347826088, "l": 0.07408557625948929, "m": 0.010567632850241546, "n": 0.0027448397013614405, "o": 0.12006739235000106, "p": 0.05139960683438944, "q": 0.008252818035426731, "r": 0.016908212560386476, "s": 0.016635035656774783, "t": 0.0064558629776021075, "u": 0.10749419662463139, "v": 0.12023809523809523, "w": 0.006340579710144927, "x": 0.01935242696112261, "y": 0.03850069013112491, "z": 0.041080055210490005}}, "closeness_centrality": {"cooccurrence": {"a": 0.34285714285714286, "b": 0.36363636363636365, "c": 0.39344262295081966, "d": 0.1016949152542373, "e": 0.2553191489361702, "f": 0.39344262295081966, "g": 0.39344262295081966, "h": 0.41379310344827586, "i": 0.25263157894736843, "k": 0.3380281690140845, "l": 0.4067796610169492, "m": 0.32, "n": 0.2891566265060241, "o": 0.42105263157894735, "p": 0.375, "q": 0.27586206896551724, "r": 0.3076923076923077, "s": 0.3157894736842105, "t": 0.3157894736842105, "u": 0.39344262295081966, "v": 0.38095238095238093, "w": 0.3116883116883117, "x": 0.32, "y": 0.3582089552238806, "z": 0.3037974683544304}}}