{"degree_centrality": {"cooccurrence": {"a": 0.9166666666666666, "b": 0.3333333333333333, "c": 0.7083333333333333, "d": 0.625, "e": 0.9166666666666666, "f": 0.41666666666666663, "g": 0.375, "h": 0.5, "i": 0.9166666666666666, "k": 0.41666666666666663, "l": 0.6666666666666666, "m": 0.6666666666666666, "n": 0.9583333333333333, "o": 0.9583333333333333, "p": 0.6666666666666666, "q": 0.20833333333333331, "r": 0.9583333333333333, "s": 0.625, "t": 1.0, "u": 0.8333333333333333, "v": 0.5416666666666666, "w": 0.375, "x": 0.29166666666666663, "y": 0.625, "z": 0.3333333333333333}}, "betweenness_centrality": {"cooccurrence": {"a": 0.04417270531400966, "b": 0.00625, "c": 0.0, "d": 0.0605546928916494, "e": 0.040933402346445824, "f": 0.01177536231884058, "g": 0.016304347826086956, "h": 0.013949275362318839, "i": 0.00480072463768116, "k": 0.13106884057971016, "l": 0.014492753623188406, "m": 0.0791364734299517, "n": 0.004347826086956522, "o": 0.013772429261559695, "p": 0.08855676328502417, "q": 0.1062025534851622, "r": 0.028657694962042787, "s": 0.006375086266390614, "t": 0.0036231884057971015, "u": 0.23307884748102142, "v": 0.018482574189095928, "w": 0.02736369910282954, "x": 0.0, "y": 0.21989302967563834, "z": 0.10724637681159423}}, "closeness_centrality": {"cooccurrence": {"a": 0.3380281690140845, "b": 0.2857142857142857, "c": 0.2823529411764706, "d": 0.35294117647058826, "e": 0.3, "f": 0.26373626373626374, "g": 0.3, "h": 0.34782608695652173, "i": 0.2962962962962963, "k": 0.36363636363636365, "l": 0.2857142857142857, "m": 0.36363636363636365, "n": 0.3, "o": 0.3582089552238806, "p": 0.34285714285714286, "q": 0.34782608695652173, "r": 0.3287671232876712, "s": 0.2926829268292683, "t": 0.3, "u": 0.43636363636363634, "v": 0.2823529411764706, "w": 0.36923076923076925, "x": 0.25, "y": 0.43636363636363634, "z": 0.375}}}