{"degree_centrality": {"cooccurrence": {"a": 0.8500000000000001, "c": 0.75, "d": 0.6000000000000001, "e": 0.8500000000000001, "g": 0.5, "h": 0.15000000000000002, "i": 0.8, "k": 0.30000000000000004, "l": 0.5, "m": 0.6000000000000001, "n": 0.8500000000000001, "o": 0.8500000000000001, "p": 0.55, "r": 0.8, "s": 0.5, "t": 0.75, "u": 0.55, "v": 0.45, "w": 0.30000000000000004, "x": 0.35000000000000003, "y": 0.35000000000000003}}, "betweenness_centrality": {"cooccurrence": {"a": 0.010526315789473684, "c": 0.06745614035087719, "d": 0.06733468286099863, "e": 0.04736842105263157, "g": 0.0895430884904569, "h": 0.0, "i": 0.1300356660882977, "k": 0.0, "l": 0.19982263350684404, "m": 0.007894736842105263, "n": 0.019243300559090033, "o": 0.015789473684210527, "p": 0.012894736842105264, "r": 0.07417582417582418, "s": 0.08956140350877193, "t": 0.06554270291112396, "u": 0.01282340466550993, "v": 0.06667341430499324, "w": 0.0, "x": 0.21695681511470985, "y": 0.016106612685560052}}, "closeness_centrality": {"cooccurrence": {"a": 0.2, "c": 0.3448275862068966, "d": 0.35714285714285715, "e": 0.2898550724637681, "g": 0.32786885245901637, "h": 0.1694915254237288, "i": 0.4, "k": 0.22988505747126436, "l": 0.38461538461538464, "m": 0.22727272727272727, "n": 0.36363636363636365, "o": 0.31746031746031744, "p": 0.2898550724637681, "r": 0.3508771929824561, "s": 0.3448275862068966, "t": 0.3389830508474576, "u": 0.32786885245901637, "v": 0.3508771929824561, "w": 0.22988505747126436, "x": 0.39215686274509803, "y": 0.3125}}}