{"all_pairs_dijkstra": {"inv_cooccurrence": {"a": {"a": 0, "t": 0.038461538461538464, "n": 0.045454545454545456, "e": 0.058823529411764705, "r": 0.0625, "i": 0.0625, "s": 0.06666666666666667, "o": 0.08391608391608392, "u": 0.08846153846153847, "c": 0.09215686274509804, "d": 0.1, "l": 0.1111111111111111, "m": 0.16346153846153846, "y": 0.16346153846153846, "b": 0.1875, "v": 0.2, "x": 0.20168067226890757, "p": 0.22549019607843135, "z": 0.22916666666666666, "f": 0.23846153846153847, "q": 0.28846153846153844, "k": 0.3088235294117647, "h": 0.3088235294117647, "g": 0.3088235294117647, "w": 0.3717948717948718}, "b": {"b": 0, "i": 0.125, "t": 0.15357142857142858, "n": 0.15725806451612903, "o": 0.18382352941176472, "a": 0.1875, "u": 0.20192307692307693, "e": 0.20988964346349745, "s": 0.21281362007168458, "c": 0.2159090909090909, "r": 0.21607142857142858, "d": 0.2628136200716846, "l": 0.2646825396825397, "m": 0.2785714285714286, "y": 0.2785714285714286, "z": 0.29166666666666663, "x": 0.35274678632064027, "f": 0.3535714285714286, "p": 0.375, "v": 0.3875, "q": 0.4035714285714286, "k": 0.4598896434634975, "h": 0.4598896434634975, "g": 0.4598896434634975, "w": 0.4869047619047619}, "c": {"c": 0, "e": 0.03333333333333333, "o": 0.047619047619047616, "r": 0.047619047619047616, "n": 0.058823529411764705, "s": 0.07681159420289854, "u": 0.07692307692307693, "t": 0.08333333333333333, "d": 0.08888888888888888, "i": 0.09090909090909091, "a": 0.09215686274509804, "m": 0.17619047619047618, "x": 0.17619047619047618, "l": 0.19444444444444442, "p": 0.19999999999999998, "y": 0.20833333333333331, "b": 0.2159090909090909, "z": 0.25757575757575757, "f": 0.25882352941176473, "k": 0.2833333333333333, "h": 0.2833333333333333, "g": 0.2833333333333333, "v": 0.29215686274509806, "q": 0.3333333333333333, "w": 0.36666666666666664}, "d": {"d": 0, "s": 0.05, "e": 0.05555555555555555, "r": 0.0625, "c": 0.08888888888888888, "a": 0.1, "n": 0.10555555555555556, "o": 0.10555555555555556, "u": 0.12222222222222222, "t": 0.12222222222222222, "i": 0.13781362007168457, "m": 0.1984126984126984, "x": 0.1984126984126984, "l": 0.2111111111111111, "p": 0.2222222222222222, "y": 0.24722222222222223, "b": 0.2628136200716846, "v": 0.30000000000000004, "z": 0.30448028673835126, "k": 0.3055555555555556, "h": 0.3055555555555556, "g": 0.3055555555555556, "f": 0.3055555555555556, "q": 0.37222222222222223, "w": 0.38888888888888884}, "e": {"e": 0, "c": 0.03333333333333333, "r": 0.034482758620689655, "s": 0.043478260869565216, "o": 0.05, "n": 0.05263157894736842, "d": 0.05555555555555555, "a": 0.058823529411764705, "u": 0.06666666666666667, "t": 0.06666666666666667, "i": 0.08488964346349745, "m": 0.14285714285714285, "x": 0.14285714285714285, "p": 0.16666666666666666, "l": 0.16993464052287582, "y": 0.19166666666666665, "b": 0.20988964346349745, "k": 0.25, "h": 0.25, "g": 0.25, "z": 0.2515563101301641, "f": 0.25263157894736843, "v": 0.25882352941176473, "q": 0.31666666666666665, "w": 0.3333333333333333}, "f": {"f": 0, "n": 0.2, "t": 0.2, "i": 0.2285714285714286, "a": 0.23846153846153847, "o": 0.24166666666666667, "r": 0.25, "u": 0.25, "e": 0.25263157894736843, "s": 0.25555555555555554, "c": 0.25882352941176473, "d": 0.3055555555555555, "l": 0.3111111111111111, "m": 0.325, "y": 0.325, "b": 0.3535714285714286, "z": 0.3952380952380953, "x": 0.3954887218045113, "p": 0.41929824561403506, "v": 0.43846153846153846, "q": 0.45, "k": 0.5026315789473684, "h": 0.5026315789473684, "g": 0.5026315789473684, "w": 0.5333333333333333}, "g": {"g": 0, "e": 0.25, "c": 0.2833333333333333, "r": 0.28448275862068967, "s": 0.2934782608695652, "o": 0.3, "n": 0.3026315789473684, "d": 0.3055555555555556, "a": 0.3088235294117647, "u": 0.31666666666666665, "t": 0.31666666666666665, "h": 0.3333333333333333, "i": 0.3348896434634975, "m": 0.39285714285714285, "x": 0.39285714285714285, "p": 0.41666666666666663, "l": 0.4199346405228758, "y": 0.44166666666666665, "b": 0.4598896434634975, "k": 0.5, "z": 0.5015563101301641, "f": 0.5026315789473684, "v": 0.5088235294117647, "q": 0.5666666666666667, "w": 0.5833333333333333}, "h": {"h": 0, "e": 0.25, "c": 0.2833333333333333, "r": 0.28448275862068967, "s": 0.2934782608695652, "o": 0.3, "n": 0.3026315789473684, "d": 0.3055555555555556, "a": 0.3088235294117647, "u": 0.31666666666666665, "t": 0.31666666666666665, "g": 0.3333333333333333, "i": 0.3348896434634975, "m": 0.39285714285714285, "x": 0.39285714285714285, "p": 0.41666666666666663, "l": 0.4199346405228758, "y": 0.44166666666666665, "b": 0.4598896434634975, "k": 0.5, "z": 0.5015563101301641, "f": 0.5026315789473684, "v": 0.5088235294117647, "q": 0.5666666666666667, "w": 0.5833333333333333}, "i": {"i": 0, "t": 0.02857142857142857, "n": 0.03225806451612903, "o": 0.058823529411764705, "a": 0.0625, "u": 0.07692307692307693, "e": 0.08488964346349745, "s": 0.08781362007168458, "c": 0.09090909090909091, "r": 0.09107142857142857, "b": 0.125, "d": 0.13781362007168457, "l": 0.13968253968253969, "m": 0.15357142857142858, "y": 0.15357142857142858, "z": 0.16666666666666666, "x": 0.2277467863206403, "f": 0.2285714285714286, "p": 0.25, "v": 0.2625, "q": 0.2785714285714286, "k": 0.3348896434634975, "h": 0.3348896434634975, "g": 0.3348896434634975, "w": 0.3619047619047619}, "k": {"k": 0, "e": 0.25, "c": 0.2833333333333333, "r": 0.28448275862068967, "s": 0.2934782608695652, "o": 0.3, "n": 0.3026315789473684, "d": 0.3055555555555556, "a": 0.3088235294117647, "u": 0.31666666666666665, "t": 0.31666666666666665, "i": 0.3348896434634975, "m": 0.39285714285714285, "x": 0.39285714285714285, "p": 0.41666666666666663, "l": 0.4199346405228758, "y": 0.44166666666666665, "b": 0.4598896434634975, "w": 0.5, "h": 0.5, "g": 0.5, "z": 0.5015563101301641, "f": 0.5026315789473684, "v": 0.5088235294117647, "q": 0.5666666666666667}, "l": {"l": 0, "a": 0.1111111111111111, "t": 0.1111111111111111, "i": 0.13968253968253969, "n": 0.14052287581699346, "u": 0.14285714285714285, "o": 0.15656565656565657, "e": 0.16993464052287582, "r": 0.1736111111111111, "s": 0.17777777777777776, "c": 0.19444444444444442, "d": 0.2111111111111111, "m": 0.2361111111111111, "y": 0.2361111111111111, "v": 0.25, "p": 0.25, "b": 0.2646825396825397, "z": 0.30634920634920637, "f": 0.3111111111111111, "x": 0.3127917833800187, "q": 0.3611111111111111, "k": 0.4199346405228758, "h": 0.4199346405228758, "g": 0.4199346405228758, "w": 0.4444444444444444}, "m": {"m": 0, "t": 0.125, "e": 0.14285714285714285, "i": 0.15357142857142858, "n": 0.15441176470588236, "a": 0.16346153846153846, "o": 0.17045454545454547, "u": 0.175, "c": 0.17619047619047618, "r": 0.17733990147783252, "s": 0.18633540372670807, "d": 0.1984126984126984, "l": 0.2361111111111111, "y": 0.25, "b": 0.2785714285714286, "x": 0.2857142857142857, "p": 0.30952380952380953, "z": 0.3202380952380952, "f": 0.325, "v": 0.3634615384615385, "q": 0.375, "k": 0.39285714285714285, "h": 0.39285714285714285, "g": 0.39285714285714285, "w": 0.4583333333333333}, "n": {"n": 0, "t": 0.029411764705882353, "i": 0.03225806451612903, "o": 0.041666666666666664, "a": 0.045454545454545456, "e": 0.05263157894736842, "s": 0.05555555555555555, "c": 0.058823529411764705, "r": 0.0625, "u": 0.06666666666666667, "d": 0.10555555555555556, "l": 0.14052287581699346, "m": 0.15441176470588236, "y": 0.15441176470588236, "b": 0.15725806451612903, "x": 0.19548872180451127, "z": 0.1989247311827957, "f": 0.2, "p": 0.21929824561403508, "v": 0.24545454545454548, "q": 0.27941176470588236, "k": 0.3026315789473684, "h": 0.3026315789473684, "g": 0.3026315789473684, "w": 0.3627450980392157}, "o": {"o": 0, "n": 0.041666666666666664, "t": 0.045454545454545456, "c": 0.047619047619047616, "e": 0.05, "r": 0.05, "i": 0.058823529411764705, "s": 0.07692307692307693, "a": 0.08391608391608392, "u": 0.09090909090909091, "d": 0.10555555555555556, "l": 0.15656565656565657, "m": 0.17045454545454547, "y": 0.17045454545454547, "b": 0.18382352941176472, "x": 0.19285714285714284, "p": 0.21666666666666667, "z": 0.22549019607843135,