{"degree_centrality": {"inv_cooccurrence": {"a": 0.9166666666666666, "b": 0.3333333333333333, "c": 0.7083333333333333, "d": 0.625, "e": 0.9166666666666666, "f": 0.41666666666666663, "g": 0.375, "h": 0.5, "i": 0.9166666666666666, "k": 0.41666666666666663, "l": 0.6666666666666666, "m": 0.6666666666666666, "n": 0.9583333333333333, "o": 0.9583333333333333, "p": 0.6666666666666666, "q": 0.20833333333333331, "r": 0.9583333333333333, "s": 0.625, "t": 1.0, "u": 0.8333333333333333, "v": 0.5416666666666666, "w": 0.375, "x": 0.29166666666666663, "y": 0.625, "z": 0.3333333333333333}}, "betweenness_centrality": {"inv_cooccurrence": {"a": 0.08152173913043478, "b": 0.0, "c": 0.0, "d": 0.0, "e": 0.266304347826087, "f": 0.0, "g": 0.0, "h": 0.0, "i": 0.23550724637681159, "k": 0.0, "l": 0.0, "m": 0.0, "n": 0.09420289855072464, "o": 0.10507246376811594, "p": 0.0, "q": 0.0, "r": 0.10144927536231885, "s": 0.0, "t": 0.26811594202898553, "u": 0.0, "v": 0.0, "w": 0.0, "x": 0.0, "y": 0.0, "z": 0.0}}, "closeness_centrality": {"inv_cooccurrence": {"a": 6.737618237651049, "b": 3.35482092876165, "c": 5.824410416467453, "d": 4.495189642601399, "e": 7.182570171557725, "f": 3.874880657376088, "g": 4.71253459046341, "h": 3.9373805848502506, "i": 7.227716696185463, "k": 2.2626255864658202, "l": 4.98692131199851, "m": 4.733867516887287, "n": 7.212837768387986, "o": 7.012676135842384, "p": 4.957362762996615, "q": 1.6170956898177948, "r": 6.745061882782586, "s": 5.69880913661201, "t": 7.444738646530578, "u": 5.482382536244057, "v": 5.115749797817661, "w": 2.9539096766434856, "x": 3.3516117980623408, "y": 4.1602444354080514, "z": 1.6524229693835917}}}