{"degree_centrality": {"cooccurrence": {"a": 0.26666666666666666, "c": 0.6, "d": 0.6666666666666666, "e": 0.8666666666666667, "f": 0.4, "g": 0.6, "i": 0.8, "l": 0.26666666666666666, "n": 0.9333333333333333, "o": 0.8666666666666667, "p": 0.6666666666666666, "r": 0.6666666666666666, "s": 0.4, "t": 0.5333333333333333, "u": 0.4, "y": 0.26666666666666666}}, "betweenness_centrality": {"cooccurrence": {"a": 0.03757369614512472, "c": 0.0034920634920634925, "d": 0.0753514739229025, "e": 0.031201814058956917, "f": 0.014943310657596373, "g": 0.005646258503401361, "i": 0.11011337868480725, "l": 0.014285714285714287, "n": 0.048684807256235835, "o": 0.07777777777777779, "p": 0.1519047619047619, "r": 0.08471655328798186, "s": 0.08002267573696147, "t": 0.009047619047619047, "u": 0.03376417233560091, "y": 0.0}}, "closeness_centrality": {"cooccurrence": {"a": 0.5172413793103449, "c": 0.46875, "d": 0.5172413793103449, "e": 0.5, "f": 0.5357142857142857, "g": 0.45454545454545453, "i": 0.6, "l": 0.4411764705882353, "n": 0.5357142857142857, "o": 0.5357142857142857, "p": 0.625, "r": 0.5769230769230769, "s": 0.5357142857142857, "t": 0.4838709677419355, "u": 0.5769230769230769, "y": 0.3191489361702128}}}