{"all_pairs_dijkstra": {"inv_cooccurrence": {"a": {"a": 0, "r": 0.125, "e": 0.14285714285714285, "s": 0.16666666666666666, "t": 0.19166666666666665, "o": 0.2, "g": 0.2, "i": 0.225, "y": 0.24285714285714285, "u": 0.25, "c": 0.25396825396825395, "k": 0.34285714285714286, "m": 0.375, "p": 0.375, "d": 0.5583333333333333, "b": 0.5583333333333333, "n": 0.5583333333333333, "v": 0.625, "l": 0.625}, "b": {"b": 0, "i": 0.3333333333333333, "t": 0.41666666666666663, "r": 0.43333333333333335, "s": 0.4583333333333333, "u": 0.4583333333333333, "e": 0.47619047619047616, "c": 0.5333333333333333, "y": 0.5333333333333333, "o": 0.5416666666666666, "a": 0.5583333333333333, "g": 0.6, "d": 0.6666666666666666, "n": 0.6666666666666666, "k": 0.6761904761904762, "m": 0.6833333333333333, "p": 0.6833333333333333, "v": 0.9333333333333333, "l": 0.9333333333333333}, "c": {"c": 0, "s": 0.1111111111111111, "e": 0.1111111111111111, "u": 0.14285714285714285, "r": 0.14285714285714285, "t": 0.14285714285714285, "i": 0.2, "y": 0.2, "a": 0.25396825396825395, "o": 0.25396825396825395, "g": 0.30952380952380953, "k": 0.3111111111111111, "m": 0.39285714285714285, "p": 0.39285714285714285, "d": 0.5333333333333333, "b": 0.5333333333333333, "n": 0.5333333333333333, "v": 0.6111111111111112, "l": 0.6111111111111112}, "d": {"d": 0, "i": 0.3333333333333333, "t": 0.41666666666666663, "r": 0.43333333333333335, "s": 0.4583333333333333, "u": 0.4583333333333333, "e": 0.47619047619047616, "c": 0.5333333333333333, "y": 0.5333333333333333, "o": 0.5416666666666666, "a": 0.5583333333333333, "g": 0.6, "b": 0.6666666666666666, "n": 0.6666666666666666, "k": 0.6761904761904762, "m": 0.6833333333333333, "p": 0.6833333333333333, "v": 0.9333333333333333, "l": 0.9333333333333333}, "e": {"e": 0, "r": 0.06666666666666667, "t": 0.07692307692307693, "s": 0.09090909090909091, "y": 0.1, "c": 0.1111111111111111, "i": 0.14285714285714285, "a": 0.14285714285714285, "u": 0.14285714285714285, "o": 0.16666666666666666, "k": 0.2, "g": 0.23333333333333334, "m": 0.31666666666666665, "p": 0.31666666666666665, "d": 0.47619047619047616, "b": 0.47619047619047616, "n": 0.47619047619047616, "v": 0.5, "l": 0.5}, "g": {"g": 0, "r": 0.16666666666666666, "o": 0.2, "a": 0.2, "t": 0.23333333333333334, "e": 0.23333333333333334, "s": 0.25, "i": 0.26666666666666666, "u": 0.29166666666666663, "c": 0.30952380952380953, "y": 0.33333333333333337, "m": 0.41666666666666663, "p": 0.41666666666666663, "k": 0.43333333333333335, "d": 0.6, "b": 0.6, "n": 0.6, "v": 0.6666666666666666, "l": 0.6666666666666666}, "i": {"i": 0, "t": 0.08333333333333333, "r": 0.1, "s": 0.125, "u": 0.125, "e": 0.14285714285714285, "c": 0.2, "y": 0.2, "o": 0.20833333333333331, "a": 0.225, "g": 0.26666666666666666, "d": 0.3333333333333333, "b": 0.3333333333333333, "n": 0.3333333333333333, "k": 0.34285714285714286, "m": 0.35, "p": 0.35, "v": 0.6, "l": 0.6}, "k": {"k": 0, "e": 0.2, "y": 0.2, "r": 0.26666666666666666, "t": 0.27692307692307694, "s": 0.2909090909090909, "c": 0.3111111111111111, "i": 0.34285714285714286, "a": 0.34285714285714286, "u": 0.34285714285714286, "o": 0.3666666666666667, "g": 0.43333333333333335, "m": 0.5166666666666666, "p": 0.5166666666666666, "d": 0.6761904761904762, "b": 0.6761904761904762, "n": 0.6761904761904762, "v": 0.7, "l": 0.7}, "l": {"l": 0, "r": 0.5, "e": 0.5, "t": 0.5666666666666667, "s": 0.5909090909090909, "i": 0.6, "y": 0.6, "o": 0.6111111111111112, "c": 0.6111111111111112, "u": 0.625, "a": 0.625, "g": 0.6666666666666666, "k": 0.7, "m": 0.75, "p": 0.75, "d": 0.9333333333333333, "b": 0.9333333333333333, "n": 0.9333333333333333, "v": 1.0}, "m": {"m": 0, "r": 0.25, "t": 0.31666666666666665, "e": 0.31666666666666665, "o": 0.3333333333333333, "p": 0.3333333333333333, "i": 0.35, "s": 0.35, "u": 0.375, "a": 0.375, "c": 0.39285714285714285, "g": 0.41666666666666663, "y": 0.41666666666666663, "k": 0.5166666666666666, "d": 0.6833333333333333, "b": 0.6833333333333333, "n": 0.6833333333333333, "v": 0.75, "l": 0.75}, "n": {"n": 0, "i": 0.3333333333333333, "t": 0.41666666666666663, "r": 0.43333333333333335, "s": 0.4583333333333333, "u": 0.4583333333333333, "e": 0.47619047619047616, "c": 0.5333333333333333, "y": 0.5333333333333333, "o": 0.5416666666666666, "a": 0.5583333333333333, "g": 0.6, "d": 0.6666666666666666, "b": 0.6666666666666666, "k": 0.6761904761904762, "m": 0.6833333333333333, "p": 0.6833333333333333, "v": 0.9333333333333333, "l": 0.9333333333333333}, "o": {"o": 0, "r": 0.1111111111111111, "t": 0.125, "e": 0.16666666666666666, "s": 0.2, "a": 0.2, "g": 0.2, "i": 0.20833333333333331, "u": 0.2361111111111111, "c": 0.25396825396825395, "y": 0.26666666666666666, "m": 0.3333333333333333, "p": 0.3333333333333333, "k": 0.3666666666666667, "d": 0.5416666666666666, "b": 0.5416666666666666, "n": 0.5416666666666666, "v": 0.6111111111111112, "l": 0.6111111111111112}, "p": {"p": 0, "r": 0.25, "t": 0.31666666666666665, "e": 0.31666666666666665, "o": 0.3333333333333333, "m": 0.3333333333333333, "i": 0.35, "s": 0.35, "u": 0.375, "a": 0.375, "c": 0.39285714285714285, "g": 0.41666666666666663, "y": 0.41666666666666663, "k": 0.5166666666666666, "d": 0.6833333333333333, "b": 0.6833333333333333, "n": 0.6833333333333333, "v": 0.75, "l": 0.75}, "r": {"r": 0, "t": 0.06666666666666667, "e": 0.06666666666666667, "i": 0.1, "s": 0.1, "o": 0.1111111111111111, "u": 0.125, "a": 0.125, "c": 0.14285714285714285, "g": 0.16666666666666666, "y": 0.16666666666666669, "m": 0.25, "p": 0.25, "k": 0.26666666666666666, "d": 0.43333333333333335, "b": 0.43333333333333335, "n": 0.43333333333333335, "v": 0.5, "l": 0.5}, "s": {"s": 0, "t": 0.09090909090909091, "e": 0.09090909090909091, "r": 0.1, "c": 0.1111111111111111, "i": 0.125, "u": 0.16666666666666666, "a": 0.16666666666666666, "y": 0.19090909090909092, "o": 0.2, "g": 0.25, "k": 0.2909090909090909, "m": 0.35, "p": 0.35, "d": 0.4583333333333333, "b": 0.4583333333333333, "n": 0.4583333333333333, "v": 0.5909090909090909, "l": 0.5909090909090909}, "t": {"t": 0, "r": 0.06666666666666667, "e": 0.07692307692307693, "i": 0.08333333333333333, "s": 0.09090909090909091, "u": 0.1111111111111111, "o": 0.125, "c": 0.14285714285714285, "y": 0.17692307692307693, "a": 0.19166666666666665, "g": 0.23333333333333334, "k": 0.27692307692307694, "m": 0.31666666666666665, "p": 0.31666666666666665, "d": 0.41666666666666663, "b": 0.41666666666666663, "n": 0.41666666666666663, "v": 0.5666666666666667, "l": 0.5666666666666667}, "u": {"u": 0, "t": 0.1111111111111111, "i": 0.125, "r": 0.125, "e": 0.14285714285714285, "c": 0.14285714285714285, "s": 0.16666666666666666, "y": 0.2, "o": 0.2361111111111111, "a": 0.25, "g": 0.29166666666666663, "k": 0.34285714285714286, "m": 0.375, "p": 0.375, "d": 0.4583333333333333, "b": 0.4583333333333333, "n": 0.4583333333333333, "v": 0.625, "l": 0.625}, "v": {"v": 0, "r": 0.5, "e": 0.5, "t": 0.5666666666666667, "s": 0.5909090909090909, "i": 0.6, "y": 0.6, "o": 0.6111111111111112, "c": 0.6111111111111112, "u": 0.625, "a": 0.625, "g": 0.6666666666666666, "k": 0.7, "m": 0.75, "p": 0.75, "d": 0.9333333333333333, "b": 0.9333333333333333, "n": 0.9333333333333333, "l": 1.0}, "y": {"y": 0, "e": 0.1, "r": 0.16666666666666669, "t": 0.17692307692307693, "s": 0.19090909090909092, "c": 0.2, "u": 0.2, "i": 0.2, "k": 0.2, "a": 0.24285714285714285, "o": 0.26666666666666666, "g": 0.33333333333333337, "m": 0.4166666666666667, "p": 0.4166666666666667, "d": 0.5333333333333333, "b": 0.5333333333333333, "n": 0.5333333333333333, "v": 0.6, "l": 0.6}}}}