{"degree_centrality": {"inv_cooccurrence": {"a": 1.0, "c": 0.6470588235294118, "d": 0.7058823529411764, "e": 0.8823529411764706, "f": 0.6470588235294118, "g": 0.5882352941176471, "h": 0.4117647058823529, "i": 0.8235294117647058, "l": 0.6470588235294118, "m": 0.4117647058823529, "n": 0.8235294117647058, "o": 0.8235294117647058, "p": 0.7647058823529411, "r": 0.8235294117647058, "s": 0.5294117647058824, "t": 0.7647058823529411, "x": 0.4117647058823529, "y": 0.29411764705882354}}, "betweenness_centrality": {"inv_cooccurrence": {"a": 0.3088235294117647, "c": 0.0, "d": 0.0, "e": 0.03308823529411765, "f": 0.0, "g": 0.0024509803921568627, "h": 0.0, "i": 0.011029411764705881, "l": 0.0, "m": 0.0, "n": 0.3995098039215686, "o": 0.0, "p": 0.0, "r": 0.011029411764705881, "s": 0.0, "t": 0.1213235294117647, "x": 0.0, "y": 0.0}}, "closeness_centrality": {"inv_cooccurrence": {"a": 3.5163086714399365, "c": 2.362832288477426, "d": 1.8562329390354873, "e": 2.81483128803348, "f": 1.8141603009919052, "g": 2.121315688598619, "h": 1.3584899635370342, "i": 3.0140070354972814, "l": 2.083431534291775, "m": 1.4737154076982923, "n": 3.5685089621644104, "o": 2.890475489474459, "p": 2.262927356504921, "r": 3.087790110998991, "s": 2.4336635095076273, "t": 3.4123954535706633, "x": 1.3584899635370342, "y": 1.3245430026970335}}}