{"degree_centrality": {"inv_cooccurrence": {"a": 0.6666666666666666, "b": 0.4444444444444444, "c": 0.611111111111111, "d": 0.4444444444444444, "e": 0.8333333333333333, "g": 0.4444444444444444, "i": 0.7777777777777777, "k": 0.1111111111111111, "l": 0.3333333333333333, "m": 0.5, "n": 0.4444444444444444, "o": 0.7777777777777777, "p": 0.5, "r": 0.9444444444444444, "s": 0.7222222222222222, "t": 0.9444444444444444, "u": 0.7222222222222222, "v": 0.3333333333333333, "y": 0.4444444444444444}}, "betweenness_centrality": {"inv_cooccurrence": {"a": 0.0, "b": 0.0, "c": 0.0, "d": 0.0, "e": 0.20479302832244012, "g": 0.0, "i": 0.3137254901960784, "k": 0.0, "l": 0.0, "m": 0.0, "n": 0.0, "o": 0.0, "p": 0.0, "r": 0.43028322440087147, "s": 0.0, "t": 0.029411764705882353, "u": 0.0, "v": 0.0, "y": 0.0}}, "closeness_centrality": {"inv_cooccurrence": {"a": 2.992084432717678, "b": 1.700404858299595, "c": 3.110257816785519, "d": 1.700404858299595, "e": 3.968178614776242, "g": 2.614559916998098, "i": 3.659244917715392, "k": 2.297065102067701, "l": 1.4404073879481063, "m": 2.170542635658914, "n": 1.700404858299595, "o": 3.0777581761433033, "p": 2.170542635658914, "r": 4.247986514328526, "s": 3.5715001503156625, "t": 3.9195932529491464, "u": 3.267305337463084, "v": 1.4404073879481063, "y": 3.045330088226347}}}