{"degree_centrality": {"inv_cooccurrence": {"a": 0.6956521739130435, "b": 0.34782608695652173, "c": 0.7391304347826086, "d": 0.5217391304347826, "e": 0.9565217391304348, "g": 0.5217391304347826, "h": 0.21739130434782608, "i": 0.8260869565217391, "j": 0.21739130434782608, "k": 0.30434782608695654, "l": 0.5217391304347826, "m": 0.6086956521739131, "n": 0.7391304347826086, "o": 0.8695652173913043, "p": 0.6521739130434783, "q": 0.21739130434782608, "r": 0.8260869565217391, "s": 0.6956521739130435, "t": 0.9565217391304348, "u": 0.6086956521739131, "v": 0.30434782608695654, "w": 0.34782608695652173, "x": 0.30434782608695654, "y": 0.3913043478260869}}, "betweenness_centrality": {"inv_cooccurrence": {"a": 0.05533596837944664, "b": 0.0, "c": 0.0, "d": 0.0, "e": 0.6363636363636364, "g": 0.0, "h": 0.0, "i": 0.08695652173913043, "j": 0.0, "k": 0.0, "l": 0.0, "m": 0.0, "n": 0.0, "o": 0.037549407114624504, "p": 0.0, "q": 0.0, "r": 0.0, "s": 0.05533596837944664, "t": 0.14031620553359683, "u": 0.0, "v": 0.0, "w": 0.0, "x": 0.0, "y": 0.0}}, "closeness_centrality": {"inv_cooccurrence": {"a": 5.567370747298327, "b": 2.1766965270714542, "c": 5.467931719164734, "d": 4.460617349048456, "e": 6.19285230505945, "g": 3.7613949480283257, "h": 2.4962125206162895, "i": 5.117979062792432, "j": 1.6182745518089625, "k": 2.565830545993336, "l": 3.511160008394565, "m": 3.926321120948848, "n": 5.746834374506454, "o": 5.553663434069213, "p": 3.9161742782326905, "q": 2.4962125206162895, "r": 5.24217669769457, "s": 5.568116345589019, "t": 5.920229922147115, "u": 4.272232526315463, "v": 3.3543264511198756, "w": 2.8346211505229437, "x": 1.4844492966617, "y": 2.1301636684967074}}}