{"degree_centrality": {"inv_cooccurrence": {"a": 0.9583333333333333, "b": 0.4583333333333333, "c": 0.875, "d": 0.25, "e": 0.9166666666666666, "f": 0.5416666666666666, "g": 0.5, "h": 0.5833333333333333, "i": 0.7916666666666666, "k": 0.375, "l": 0.75, "m": 0.5833333333333333, "n": 0.9583333333333333, "o": 0.875, "p": 0.7083333333333333, "q": 0.25, "r": 0.75, "s": 0.75, "t": 0.9166666666666666, "u": 0.875, "v": 0.41666666666666663, "w": 0.3333333333333333, "x": 0.3333333333333333, "y": 0.6666666666666666, "z": 0.3333333333333333}}, "betweenness_centrality": {"inv_cooccurrence": {"a": 0.10326086956521739, "b": 0.0, "c": 0.0, "d": 0.0, "e": 0.41304347826086957, "f": 0.0, "g": 0.0, "h": 0.0, "i": 0.16304347826086957, "k": 0.0, "l": 0.0, "m": 0.0, "n": 0.12318840579710146, "o": 0.0, "p": 0.0, "q": 0.0, "r": 0.0, "s": 0.018115942028985508, "t": 0.302536231884058, "u": 0.0, "v": 0.0, "w": 0.0, "x": 0.0, "y": 0.0, "z": 0.0}}, "closeness_centrality": {"inv_cooccurrence": {"a": 5.991011946705391, "b": 3.438873851625048, "c": 5.679073060165415, "d": 4.91972463522827, "e": 6.428437151620032, "f": 2.9499746745619646, "g": 2.576007061022426, "h": 2.576007061022426, "i": 5.847912033393372, "k": 2.553170308444145, "l": 4.026004052787693, "m": 3.868746376166172, "n": 6.372223493310108, "o": 5.901148310045519, "p": 3.23574807992723, "q": 2.5300012104788943, "r": 5.911057113054966, "s": 5.685277491996755, "t": 6.4237052379911415, "u": 5.596245978481155, "v": 2.8213956481423326, "w": 2.236027240086513, "x": 3.4192293121750112, "y": 3.648620715545119, "z": 3.023674526770035}}}