{"degree_centrality": {"cooccurrence": {"a": 0.6956521739130435, "b": 0.34782608695652173, "c": 0.7391304347826086, "d": 0.5217391304347826, "e": 0.9565217391304348, "g": 0.5217391304347826, "h": 0.21739130434782608, "i": 0.8260869565217391, "j": 0.21739130434782608, "k": 0.30434782608695654, "l": 0.5217391304347826, "m": 0.6086956521739131, "n": 0.7391304347826086, "o": 0.8695652173913043, "p": 0.6521739130434783, "q": 0.21739130434782608, "r": 0.8260869565217391, "s": 0.6956521739130435, "t": 0.9565217391304348, "u": 0.6086956521739131, "v": 0.30434782608695654, "w": 0.34782608695652173, "x": 0.30434782608695654, "y": 0.3913043478260869}}, "betweenness_centrality": {"cooccurrence": {"a": 0.0, "b": 0.06112679590940459, "c": 0.009677520547085764, "d": 0.014822134387351776, "e": 0.0, "g": 0.055830039525691696, "h": 0.001976284584980237, "i": 0.0, "j": 0.011693017127799734, "k": 0.08974009082704736, "l": 0.17471296819122903, "m": 0.030190099755317144, "n": 0.0031291172595520416, "o": 0.12851484264527743, "p": 0.033141013575796185, "q": 0.0, "r": 0.1524518959301568, "s": 0.054426008773834855, "t": 0.15817660600269295, "u": 0.003174361870014044, "v": 0.09359275989710772, "w": 0.04689887407278711, "x": 0.09537986168420949, "y": 0.12041279976062585}}, "closeness_centrality": {"cooccurrence": {"a": 0.22549019607843138, "b": 0.3484848484848485, "c": 0.2948717948717949, "d": 0.32857142857142857, "e": 0.24731182795698925, "g": 0.323943661971831, "h": 0.27710843373493976, "i": 0.26436781609195403, "j": 0.2948717948717949, "k": 0.4107142857142857, "l": 0.40350877192982454, "m": 0.359375, "n": 0.3150684931506849, "o": 0.4107142857142857, "p": 0.35384615384615387, "q": 0.2875, "r": 0.4339622641509434, "s": 0.3709677419354839, "t": 0.4339622641509434, "u": 0.3150684931506849, "v": 0.38333333333333336, "w": 0.3770491803278688, "x": 0.4423076923076923, "y": 0.45098039215686275}}}