{"degree_centrality": {"inv_cooccurrence": {"a": 0.9473684210526315, "b": 0.47368421052631576, "c": 0.7894736842105263, "d": 0.47368421052631576, "e": 0.7894736842105263, "g": 0.3157894736842105, "h": 0.7368421052631579, "i": 0.9473684210526315, "k": 0.15789473684210525, "l": 0.631578947368421, "m": 0.6842105263157894, "n": 0.894736842105263, "o": 0.7894736842105263, "p": 0.5263157894736842, "r": 0.6842105263157894, "s": 0.8421052631578947, "t": 0.9473684210526315, "w": 0.15789473684210525, "y": 0.5263157894736842, "z": 0.5263157894736842}}, "betweenness_centrality": {"inv_cooccurrence": {"a": 0.06725146198830409, "b": 0.0, "c": 0.0, "d": 0.0, "e": 0.13742690058479531, "g": 0.0, "h": 0.0, "i": 0.06237816764132554, "k": 0.0, "l": 0.0, "m": 0.0, "n": 0.3684210526315789, "o": 0.21637426900584794, "p": 0.0, "r": 0.04678362573099415, "s": 0.15984405458089668, "t": 0.08966861598440545, "w": 0.0, "y": 0.0, "z": 0.0}}, "closeness_centrality": {"inv_cooccurrence": {"a": 3.9317794201250713, "b": 1.4400425078503385, "c": 3.79486309740561, "d": 2.7498188343484244, "e": 3.5054788497541933, "g": 2.014781403814555, "h": 3.261638189119273, "i": 4.033570827149525, "k": 0.8516340885486309, "l": 3.0559510316521568, "m": 2.0994378575482644, "n": 4.2786257342750655, "o": 4.206578663112207, "p": 2.792186814169539, "r": 3.8115630642550533, "s": 3.8537181813292283, "t": 3.9980201611075015, "w": 0.8489657656460136, "y": 3.1982880368870013, "z": 3.1982880368870013}}}