{"all_pairs_dijkstra": {"inv_cooccurrence": {"a": {"a": 0, "t": 0.034482758620689655, "e": 0.03571428571428571, "c": 0.043478260869565216, "n": 0.045454545454545456, "s": 0.047619047619047616, "o": 0.05263157894736842, "i": 0.05555555555555555, "r": 0.06797235023041474, "m": 0.08333333333333333, "d": 0.09090909090909091, "u": 0.11140583554376658, "g": 0.125, "p": 0.13095238095238093, "l": 0.14285714285714285, "v": 0.17857142857142855, "w": 0.2357142857142857, "q": 0.2857142857142857, "k": 0.2857142857142857, "h": 0.2857142857142857, "b": 0.3333333333333333, "y": 0.369047619047619, "j": 0.5344827586206896, "x": 0.5555555555555556}, "b": {"b": 0, "e": 0.3333333333333333, "t": 0.3333333333333333, "a": 0.3333333333333333, "n": 0.35374149659863946, "s": 0.35772357723577236, "o": 0.3627450980392157, "r": 0.3655913978494624, "c": 0.367816091954023, "i": 0.38095238095238093, "d": 0.39999999999999997, "u": 0.41025641025641024, "m": 0.41666666666666663, "p": 0.4410569105691057, "g": 0.4444444444444444, "l": 0.4583333333333333, "v": 0.47619047619047616, "j": 0.5, "w": 0.5333333333333333, "q": 0.5833333333333333, "k": 0.5833333333333333, "h": 0.5833333333333333, "y": 0.6666666666666666, "x": 0.8809523809523809}, "c": {"c": 0, "o": 0.03333333333333333, "e": 0.034482758620689655, "t": 0.03571428571428571, "n": 0.038461538461538464, "a": 0.043478260869565216, "i": 0.058823529411764705, "s": 0.05887300252312868, "r": 0.06674082313681869, "d": 0.1, "u": 0.11263736263736264, "m": 0.12681159420289856, "p": 0.13333333333333333, "g": 0.14559386973180077, "l": 0.15833333333333333, "v": 0.17733990147783252, "w": 0.23448275862068968, "q": 0.28448275862068967, "k": 0.28448275862068967, "h": 0.28448275862068967, "b": 0.367816091954023, "y": 0.367816091954023, "j": 0.5, "x": 0.5588235294117647}, "d": {"d": 0, "e": 0.06666666666666667, "t": 0.08888888888888889, "a": 0.09090909090909091, "s": 0.09090909090909091, "n": 0.09166666666666667, "r": 0.0989247311827957, "c": 0.1, "o": 0.10666666666666666, "i": 0.11929824561403508, "u": 0.15, "m": 0.17424242424242425, "p": 0.17424242424242425, "g": 0.17777777777777776, "v": 0.2095238095238095, "l": 0.2138888888888889, "w": 0.26666666666666666, "q": 0.31666666666666665, "k": 0.31666666666666665, "h": 0.31666666666666665, "b": 0.39999999999999997, "y": 0.39999999999999997, "j": 0.5666666666666667, "x": 0.6192982456140351}, "e": {"e": 0, "t": 0.022222222222222223, "s": 0.024390243902439025, "n": 0.025, "r": 0.03225806451612903, "c": 0.034482758620689655, "a": 0.03571428571428571, "o": 0.04, "i": 0.05263157894736842, "d": 0.06666666666666667, "u": 0.08333333333333333, "p": 0.10772357723577236, "g": 0.1111111111111111, "m": 0.11904761904761904, "v": 0.14285714285714285, "l": 0.14722222222222223, "w": 0.2, "q": 0.25, "k": 0.25, "h": 0.25, "b": 0.3333333333333333, "y": 0.3333333333333333, "j": 0.5, "x": 0.5526315789473684}, "g": {"g": 0, "e": 0.1111111111111111, "a": 0.125, "t": 0.13333333333333333, "s": 0.13550135501355012, "n": 0.1361111111111111, "r": 0.14336917562724014, "c": 0.14559386973180077, "o": 0.1511111111111111, "i": 0.16374269005847952, "d": 0.17777777777777776, "u": 0.19444444444444442, "m": 0.20833333333333331, "p": 0.21883468834688347, "v": 0.25396825396825395, "l": 0.2583333333333333, "w": 0.3111111111111111, "q": 0.3611111111111111, "k": 0.3611111111111111, "h": 0.3611111111111111, "b": 0.4444444444444444, "y": 0.4444444444444444, "j": 0.6111111111111112, "x": 0.6637426900584795}, "h": {"h": 0, "e": 0.25, "t": 0.2722222222222222, "s": 0.27439024390243905, "n": 0.275, "r": 0.282258064516129, "c": 0.28448275862068967, "a": 0.2857142857142857, "o": 0.29, "i": 0.3026315789473684, "d": 0.31666666666666665, "u": 0.3333333333333333, "p": 0.35772357723577236, "g": 0.3611111111111111, "m": 0.369047619047619, "v": 0.39285714285714285, "l": 0.3972222222222222, "w": 0.45, "q": 0.5, "k": 0.5, "b": 0.5833333333333333, "y": 0.5833333333333333, "j": 0.75, "x": 0.8026315789473684}, "i": {"i": 0, "n": 0.041666666666666664, "t": 0.047619047619047616, "o": 0.05, "e": 0.05263157894736842, "a": 0.05555555555555555, "c": 0.058823529411764705, "s": 0.07702182284980744, "r": 0.08488964346349745, "d": 0.11929824561403508, "u": 0.12454212454212454, "m": 0.125, "p": 0.15000000000000002, "g": 0.16374269005847952, "l": 0.17261904761904762, "v": 0.19548872180451127, "w": 0.25263157894736843, "q": 0.3026315789473684, "k": 0.3026315789473684, "h": 0.3026315789473684, "b": 0.38095238095238093, "y": 0.38596491228070173, "x": 0.5, "j": 0.5476190476190477}, "j": {"j": 0, "o": 0.5, "b": 0.5, "e": 0.5, "c": 0.5, "t": 0.5, "n": 0.5204081632653061, "s": 0.524390243902439, "r": 0.532258064516129, "a": 0.5344827586206896, "i": 0.5476190476190477, "d": 0.5666666666666667, "u": 0.5769230769230769, "p": 0.6, "m": 0.6, "g": 0.6111111111111112, "l": 0.625, "v": 0.6428571428571428, "w": 0.7, "q": 0.75, "k": 0.75, "h": 0.75, "y": 0.8333333333333333, "x": 1.0476190476190477}, "k": {"k": 0, "e": 0.25, "t": 0.2722222222222222, "s": 0.27439024390243905, "n": 0.275, "r": 0.282258064516129, "c": 0.28448275862068967, "a": 0.2857142857142857, "o": 0.29, "i": 0.3026315789473684, "d": 0.31666666666666665, "y": 0.3333333333333333, "u": 0.3333333333333333, "p": 0.35772357723577236, "g": 0.3611111111111111, "m": 0.369047619047619, "v": 0.39285714285714285, "l": 0.3972222222222222, "w": 0.45, "q": 0.5, "h": 0.5, "b": 0.5833333333333333, "j": 0.75, "x": 0.8026315789473684}, "l": {"l": 0, "t": 0.125, "o": 0.125, "a": 0.14285714285714285, "n": 0.14540816326530612, "e": 0.14722222222222223, "c": 0.15833333333333333, "s": 0.165, "i": 0.17261904761904762, "r": 0.17948028673835126, "u": 0.20192307692307693, "d": 0.2138888888888889, "m": 0.225, "p": 0.225, "g": 0.2583333333333333, "v": 0.29007936507936505, "w": 0.3472222222222222, "q": 0.39722222222222225, "k": 0.39722222222222225, "h": 0.39722222222222225, "b": 0.4583333333333333, "y": 0.4805555555555555, "j": 0.625, "x": 0.6726190476190477}, "m": {"m": 0, "a": 0.08333333333333333, "t": 0.1, "n": 0.1111111111111111, "e": 0.11904761904761904, "i": 0.125, "c": 0.12681159420289856, "o": 0.12941176470588237, "s": 0.13095238095238093, "r": 0.15130568356374807, "d": 0.17424242424242425, "u": 0.17692307692307693, "g": 0.20833333333333331, "p": 0.21428571428571425, "l": 0.225, "v": 0.26190476190476186, "w": 0.319047619047619, "q": 0.36904761904761907, "k": 0.36904761904761907, "h": 0.36904761904761907, "b": 0.41666666666666663, "y": 0.45238095238095233, "j": 0.6, "x": 0.625}, "n": {"n": 0, "t": 0.02040816326530612, "e": 0.025, "o": 0.02631578947368421, "c": 0.038461538461538464, "i": 0.041666666666666664, "a": 0.045454545454545456, "s": 0.04939024390243903, "r": 0.05555555555555555, "d": 0.09166666666666667, "u": 0.09733124018838304, "m": 0.1111111111111111, "p": 0.12631578947368421, "g": 0.1361111111111111, "l": 0.14540816326530612, "v": 0.16785714285714284, "w": 0.225, "q": 0.275, "k": 0.275, "h": 0.275, "b": 0.35374149659863946, "y": 0.35833333333333334, "j": 0.5204081632653061, "x": 0.5416666666666666}, "o": {"o": 0, "n": 0.02631578947368421, "t": 0.029411764705882353, "c": 0.03333333333333333, "e": 0.04, "s": 0.04, "i": 0.05, "a": 0.05263157894736842, "r": 0.07225806451612904, "p": 0.1, "u": 0.10633484162895929, "d": 0.10666666666666666, "l": 0.125, "m": 0.12941176470588237, "g": 0.1511111111111111, "v": 0.18285714285714286, "w": 0.24000000000000002, "q": 0.29, "k": 0.29, "h": 0.29, "b": 0.3627450980392157, "y": 0.3733333333333333, "j": 0.5, "x": 0.55}, "p": {"p": 0, "s": 0.08333333333333333, "o": 0.1, "e": 0.10772357723577236, "r": 0.125, "n": 0.12631578947368421, "t": 0.12941176470588237, "a": 0.13095238095238093, "c": 0.13333333333333333, "i": 0.15000000000000002, "d": 0.17424242424242425, "u": 0.19105691056910568, "m": 0.21428571428571425, "g": 0.21883468834688347, "l": 0.225, "v": 0.2505807200929152, "w": 0.30772357723577237, "q": 0.35772357723577236, "k": 0.35772357723577236, "h": 0.35772357723577236, "b": 0.4410569105691057,