{"degree_centrality": {"inv_cooccurrence": {"a": 0.26666666666666666, "c": 0.6, "d": 0.6666666666666666, "e": 0.8666666666666667, "f": 0.4, "g": 0.6, "i": 0.8, "l": 0.26666666666666666, "n": 0.9333333333333333, "o": 0.8666666666666667, "p": 0.6666666666666666, "r": 0.6666666666666666, "s": 0.4, "t": 0.5333333333333333, "u": 0.4, "y": 0.26666666666666666}}, "betweenness_centrality": {"inv_cooccurrence": {"a": 0.0, "c": 0.0031746031746031746, "d": 0.0, "e": 0.27517006802721095, "f": 0.0, "g": 0.10702947845804989, "i": 0.0, "l": 0.0, "n": 0.322562358276644, "o": 0.01780045351473923, "p": 0.005102040816326531, "r": 0.01904761904761905, "s": 0.0, "t": 0.1285714285714286, "u": 0.0, "y": 0.0}}, "closeness_centrality": {"inv_cooccurrence": {"a": 0.7499107249137008, "c": 1.6071428571428574, "d": 1.4610389610389611, "e": 1.9705974350954023, "f": 1.0869565217391304, "g": 1.331360946745562, "i": 1.6216216216216217, "l": 1.026560208570963, "n": 2.035541195476575, "o": 1.6949152542372883, "p": 1.1997714721005523, "r": 1.2987012987012987, "s": 0.7614213197969544, "t": 1.6574585635359114, "u": 0.8211678832116789, "y": 1.1952191235059761}}}