{"all_pairs_dijkstra": {"inv_cooccurrence": {"a": {"a": 0, "t": 0.02, "i": 0.022222222222222223, "c": 0.02631578947368421, "n": 0.030303030303030304, "o": 0.03333333333333333, "e": 0.03612903225806452, "r": 0.045454545454545456, "m": 0.047619047619047616, "s": 0.05, "y": 0.05793650793650794, "d": 0.06222222222222222, "l": 0.0625, "v": 0.06388888888888888, "u": 0.06545454545454546, "p": 0.06559139784946236, "g": 0.08612903225806452, "h": 0.09090909090909091, "b": 0.2722222222222222, "w": 0.2861290322580645, "x": 0.2861290322580645, "k": 0.5303030303030303, "f": 1.0222222222222221, "z": 1.0222222222222221}, "b": {"b": 0, "i": 0.25, "t": 0.2619047619047619, "e": 0.26666666666666666, "n": 0.2688679245283019, "a": 0.2722222222222222, "c": 0.2763157894736842, "o": 0.27941176470588236, "r": 0.28421052631578947, "y": 0.2857142857142857, "d": 0.29, "v": 0.2916666666666667, "s": 0.2963875205254516, "l": 0.3026315789473684, "m": 0.3026315789473684, "u": 0.3073593073593074, "p": 0.31166982922201136, "g": 0.31666666666666665, "h": 0.3631313131313131, "w": 0.5166666666666666, "x": 0.5166666666666666, "k": 0.7666666666666666, "f": 1.25, "z": 1.25}, "c": {"c": 0, "e": 0.023809523809523808, "a": 0.02631578947368421, "i": 0.02631578947368421, "o": 0.02857142857142857, "s": 0.034482758620689655, "t": 0.034482758620689655, "r": 0.037037037037037035, "n": 0.041666666666666664, "m": 0.05263157894736842, "p": 0.0608294930875576, "y": 0.06203007518796992, "d": 0.06631578947368422, "v": 0.06728778467908902, "l": 0.07142857142857142, "g": 0.07380952380952381, "u": 0.07993730407523511, "h": 0.09090909090909091, "w": 0.27380952380952384, "x": 0.27380952380952384, "b": 0.2763157894736842, "k": 0.5238095238095238, "f": 1.0238095238095237, "z": 1.0238095238095237}, "d": {"d": 0, "i": 0.04, "e": 0.045454545454545456, "t": 0.051904761904761905, "n": 0.05886792452830189, "a": 0.06222222222222222, "r": 0.06299840510366826, "c": 0.06631578947368422, "o": 0.06941176470588235, "y": 0.0757142857142857, "s": 0.07575757575757576, "v": 0.08166666666666667, "m": 0.08391608391608392, "l": 0.09263157894736843, "g": 0.09545454545454546, "u": 0.09735930735930737, "p": 0.10166982922201138, "h": 0.15313131313131312, "b": 0.29, "w": 0.29545454545454547, "x": 0.29545454545454547, "k": 0.5454545454545454, "f": 1.04, "z": 1.04}, "e": {"e": 0, "t": 0.016129032258064516, "i": 0.016666666666666666, "r": 0.017543859649122806, "n": 0.02040816326530612, "c": 0.023809523809523808, "s": 0.030303030303030304, "a": 0.03612903225806452, "o": 0.03677462887989204, "m": 0.038461538461538464, "v": 0.043478260869565216, "d": 0.045454545454545456, "g": 0.05, "y": 0.052380952380952375, "p": 0.05754385964912281, "u": 0.06158357771260997, "l": 0.0625, "h": 0.11471861471861472, "w": 0.25, "x": 0.25, "b": 0.26666666666666666, "k": 0.5, "f": 1.0, "z": 1.0}, "f": {"f": 0, "p": 1.0, "r": 1.0, "o": 1.0, "i": 1.0, "l": 1.0, "e": 1.0, "t": 1.0119047619047619, "n": 1.0188679245283019, "a": 1.0222222222222221, "c": 1.0238095238095237, "s": 1.0285714285714285, "y": 1.0357142857142858, "m": 1.0384615384615385, "d": 1.04, "v": 1.0416666666666667, "g": 1.05, "u": 1.0555555555555556, "h": 1.113131313131313, "b": 1.25, "w": 1.25, "x": 1.25, "k": 1.5, "z": 2.0}, "g": {"g": 0, "e": 0.05, "t": 0.06612903225806452, "i": 0.06666666666666667, "r": 0.06754385964912281, "n": 0.07040816326530612, "c": 0.07380952380952381, "s": 0.0803030303030303, "a": 0.08612903225806452, "o": 0.08677462887989204, "m": 0.08846153846153847, "v": 0.09347826086956522, "d": 0.09545454545454546, "y": 0.10238095238095238, "p": 0.1075438596491228, "u": 0.11158357771260997, "l": 0.1125, "h": 0.1647186147186147, "w": 0.3, "x": 0.3, "b": 0.31666666666666665, "k": 0.55, "f": 1.05, "z": 1.05}, "h": {"h": 0, "a": 0.09090909090909091, "c": 0.09090909090909091, "t": 0.11090909090909092, "i": 0.11313131313131314, "e": 0.11471861471861472, "o": 0.11948051948051948, "n": 0.12121212121212122, "s": 0.12539184952978055, "r": 0.12794612794612795, "m": 0.13852813852813853, "y": 0.14884559884559884, "p": 0.15173858399664852, "d": 0.15313131313131315, "l": 0.1534090909090909, "v": 0.1547979797979798, "u": 0.15636363636363637, "g": 0.1647186147186147, "b": 0.36313131313131314, "w": 0.3647186147186147, "x": 0.3647186147186147, "k": 0.6147186147186148, "f": 1.1131313131313132, "z": 1.1131313131313132}, "i": {"i": 0, "t": 0.011904761904761904, "e": 0.016666666666666666, "n": 0.018867924528301886, "a": 0.022222222222222223, "c": 0.02631578947368421, "o": 0.029411764705882353, "r": 0.03421052631578947, "y": 0.03571428571428571, "d": 0.04, "v": 0.041666666666666664, "s": 0.04638752052545156, "l": 0.05263157894736842, "m": 0.05263157894736842, "u": 0.05735930735930736, "p": 0.061669829222011384, "g": 0.06666666666666667, "h": 0.11313131313131314, "b": 0.25, "w": 0.26666666666666666, "x": 0.26666666666666666, "k": 0.5166666666666667, "f": 1.0, "z": 1.0}, "k": {"k": 0, "n": 0.5, "e": 0.5, "o": 0.5, "r": 0.5, "t": 0.5161290322580645, "i": 0.5166666666666667, "c": 0.5238095238095238, "s": 0.5285714285714286, "a": 0.5303030303030303, "p": 0.532258064516129, "m": 0.5384615384615384, "v": 0.5434782608695652, "d": 0.5454545454545454, "g": 0.55, "y": 0.5523809523809524, "u": 0.5555555555555556, "l": 0.5625, "h": 0.6147186147186148, "w": 0.75, "x": 0.75, "b": 0.7666666666666667, "f": 1.5, "z": 1.5}, "l": {"l": 0, "i": 0.05263157894736842, "t": 0.05263157894736842, "a": 0.0625, "e": 0.0625, "c": 0.07142857142857142, "n": 0.0714995034756703, "r": 0.07827260458839405, "o": 0.08204334365325078, "s": 0.08711433756805807, "y": 0.08834586466165413, "d": 0.09263157894736843, "v": 0.09429824561403508, "u": 0.09808612440191387, "m": 0.10096153846153846, "g": 0.1125, "p": 0.11430140816937981, "h": 0.1534090909090909, "b": 0.3026315789473684, "w": 0.3125, "x": 0.3125, "k": 0.5625, "f": 1.0, "z": 1.0526315789473684}, "m": {"m": 0, "e": 0.038461538461538464, "o": 0.045454545454545456, "a": 0.047619047619047616, "c": 0.05263157894736842, "i": 0.05263157894736842, "t": 0.05459057071960298, "r": 0.05600539811066127, "n": 0.05886970172684458, "s": 0.06876456876456877, "p": 0.07771260997067449, "v": 0.08193979933110368, "d": 0.08391608391608392, "y": 0.08834586466165413, "g": 0.08846153846153847, "u": 0.10004511617414844, "l": 0.10096153846153846, "h": 0.13852813852813853, "w": 0.28846153846153844, "x": 0.28846153846153844, "b": 0.3026315789473684, "k": 0.5384615384615384, "f": 1.0384615384615385, "z": 1.0384615384615385}, "n": {"n": 0, "i": 0.018867924528301886, "t": 0.018867924528301886, "e": 0.02040816326530612, "o": 0.024390243902439025, "a": 0.030303030303030304, "r": 0.03333333333333333, "s": 0.034482758620689655, "c": 0.041666666666666664, "y": 0.054582210242587595, "p": 0.05664830841856806, "d": 0.05886792452830189, "m": 0.05886970172684458, "v": 0.060534591194968554, "u": 0.06432246998284734, "g": 0.07040816326530612, "l": 0.0714995034756703, "h": 0.12121212121212122, "b": 0.2688679245283019, "w": 0.27040816326530615, "x": 0.27040816326530615, "k": 0.5, "f": 1.0188679245283019, "z": 1.0188679245283019}, "o": {"o": 0, "r": 0.019230769230769232, "n": 0.024390243902439025, "c": 0.02857142857142857, "i": 0.029411764705882353, "p": 0.03225806451612903, "a": 0.03333333333333333, "e": 0.03677462887989204, "t": 0.037037037037037035, "s": 0.037037037037037035, "m": 0.045454545454545456, "y": 0.06512605042016806, "d": 0.06941176470588235, "v": 0.07107843137254902, "u": 0.07478632478632478, "l": 0.08204334365325078, "g": 0.08677462887989204, "h": 0.11948051948051948, "b": 0.27941176470588236, "w": 0.286774628879892, "x": 0.286774628879892, "k": 0.5, "f": 1.0, "z": 1.0294117647058822}, "p": {"p": 0, "o": 0.03225806451612903, "r": 0.04, "n": 0.05664830841856806, "e": 0.05754385964912281, "c": 0.0608294930875576, "i": 0.061669829222011384, "a": 0.06559139784946236, "t": 0.06564102564102564, "s": 0.06857142857142857, "m": 0.07771260997067449, "u": 0.09555555555555556, "y": 0.09738411493629709, "v": 0.10102212051868803,