{"degree_centrality": {"inv_cooccurrence": {"a": 0.7647058823529411, "c": 0.6470588235294118, "d": 0.5294117647058824, "e": 1.0, "f": 0.4117647058823529, "g": 0.47058823529411764, "h": 0.5294117647058824, "i": 0.8823529411764706, "k": 0.5294117647058824, "m": 0.29411764705882354, "n": 0.9411764705882353, "o": 0.5882352941176471, "r": 0.8235294117647058, "s": 0.5882352941176471, "t": 1.0, "u": 0.6470588235294118, "w": 0.47058823529411764, "y": 0.5294117647058824}}, "betweenness_centrality": {"inv_cooccurrence": {"a": 0.0, "c": 0.0, "d": 0.0, "e": 0.08823529411764705, "f": 0.0, "g": 0.0, "h": 0.0, "i": 0.0, "k": 0.0, "m": 0.0, "n": 0.11764705882352941, "o": 0.0, "r": 0.0, "s": 0.16911764705882354, "t": 0.6286764705882353, "u": 0.0, "w": 0.0, "y": 0.0}}, "closeness_centrality": {"inv_cooccurrence": {"a": 2.457229722766155, "c": 1.7348279860842675, "d": 1.3737373737373735, "e": 3.6176386913229024, "f": 1.3637192342752962, "g": 1.3247535273628903, "h": 2.2176104358138153, "i": 2.944495473035035, "k": 2.3663544445133677, "m": 2.312392405984046, "n": 3.5177927574854997, "o": 2.4341190132846697, "r": 2.451670951156812, "s": 3.176564633780768, "t": 3.806615776081425, "u": 1.7407493600186177, "w": 2.3499987679570267, "y": 2.2295081967213113}}}