{"all_pairs_dijkstra": {"inv_cooccurrence": {"a": {"a": 0, "s": 0.125, "e": 0.18382352941176472, "t": 0.2, "m": 0.25, "n": 0.25, "i": 0.2909090909090909, "o": 0.38382352941176473, "r": 0.38382352941176473, "y": 0.4, "h": 0.4, "w": 0.4338235294117647, "k": 0.4338235294117647, "u": 0.5, "c": 0.5333333333333333, "d": 0.7, "f": 0.7, "g": 0.75}, "c": {"c": 0, "t": 0.3333333333333333, "e": 0.39999999999999997, "n": 0.41666666666666663, "i": 0.4242424242424242, "s": 0.4583333333333333, "a": 0.5333333333333333, "y": 0.5333333333333333, "h": 0.5333333333333333, "w": 0.5833333333333333, "o": 0.5833333333333333, "r": 0.5833333333333333, "k": 0.5833333333333333, "m": 0.5833333333333333, "u": 0.6666666666666666, "d": 0.8333333333333333, "f": 0.8333333333333333, "g": 0.9166666666666666}, "d": {"d": 0, "i": 0.5, "t": 0.5, "e": 0.5666666666666667, "n": 0.5833333333333334, "s": 0.625, "a": 0.7, "y": 0.7, "h": 0.7, "w": 0.75, "o": 0.75, "r": 0.75, "k": 0.75, "m": 0.75, "u": 0.8333333333333333, "c": 0.8333333333333333, "f": 1.0, "g": 1.0833333333333335}, "e": {"e": 0, "s": 0.058823529411764705, "t": 0.06666666666666667, "n": 0.09090909090909091, "i": 0.1575757575757576, "a": 0.18382352941176472, "m": 0.18382352941176472, "o": 0.2, "r": 0.2, "w": 0.25, "k": 0.25, "y": 0.26666666666666666, "h": 0.26666666666666666, "u": 0.39999999999999997, "c": 0.39999999999999997, "d": 0.5666666666666667, "f": 0.5666666666666667, "g": 0.5909090909090909}, "f": {"f": 0, "t": 0.5, "e": 0.5666666666666667, "n": 0.5833333333333334, "i": 0.5909090909090909, "s": 0.625, "a": 0.7, "y": 0.7, "h": 0.7, "w": 0.75, "o": 0.75, "r": 0.75, "k": 0.75, "m": 0.75, "u": 0.8333333333333333, "c": 0.8333333333333333, "d": 1.0, "g": 1.0833333333333335}, "g": {"g": 0, "n": 0.5, "t": 0.5833333333333334, "e": 0.5909090909090909, "s": 0.625, "i": 0.6666666666666666, "w": 0.7, "o": 0.7, "r": 0.7, "k": 0.7, "a": 0.75, "m": 0.75, "y": 0.7833333333333334, "h": 0.7833333333333334, "u": 0.9166666666666667, "c": 0.9166666666666667, "d": 1.0833333333333335, "f": 1.0833333333333335}, "h": {"h": 0, "t": 0.2, "e": 0.26666666666666666, "n": 0.2833333333333333, "i": 0.2909090909090909, "s": 0.325, "a": 0.4, "y": 0.4, "w": 0.45, "o": 0.45, "r": 0.45, "k": 0.45, "m": 0.45, "u": 0.5333333333333333, "c": 0.5333333333333333, "d": 0.7, "f": 0.7, "g": 0.7833333333333333}, "i": {"i": 0, "t": 0.09090909090909091, "e": 0.1575757575757576, "n": 0.16666666666666666, "s": 0.2159090909090909, "y": 0.25, "a": 0.2909090909090909, "h": 0.2909090909090909, "w": 0.34090909090909094, "o": 0.34090909090909094, "r": 0.34090909090909094, "k": 0.34090909090909094, "m": 0.34090909090909094, "u": 0.4242424242424242, "c": 0.4242424242424242, "d": 0.5, "f": 0.5909090909090909, "g": 0.6666666666666666}, "k": {"k": 0, "r": 0.2, "n": 0.2, "e": 0.25, "t": 0.25, "w": 0.25, "o": 0.25, "s": 0.3088235294117647, "i": 0.34090909090909094, "a": 0.4338235294117647, "m": 0.4338235294117647, "y": 0.45, "h": 0.45, "u": 0.5833333333333333, "c": 0.5833333333333333, "g": 0.7, "d": 0.75, "f": 0.75}, "m": {"m": 0, "s": 0.125, "e": 0.18382352941176472, "a": 0.25, "n": 0.25, "t": 0.25, "i": 0.34090909090909094, "o": 0.38382352941176473, "r": 0.38382352941176473, "w": 0.4338235294117647, "k": 0.4338235294117647, "y": 0.45, "h": 0.45, "u": 0.5833333333333333, "c": 0.5833333333333333, "g": 0.75, "d": 0.75, "f": 0.75}, "n": {"n": 0, "t": 0.08333333333333333, "e": 0.09090909090909091, "s": 0.125, "i": 0.16666666666666666, "w": 0.2, "o": 0.2, "r": 0.2, "k": 0.2, "a": 0.25, "m": 0.25, "y": 0.2833333333333333, "h": 0.2833333333333333, "u": 0.41666666666666663, "c": 0.41666666666666663, "g": 0.5, "d": 0.5833333333333334, "f": 0.5833333333333334}, "o": {"o": 0, "n": 0.2, "e": 0.2, "r": 0.2, "t": 0.25, "w": 0.25, "k": 0.25, "s": 0.25882352941176473, "i": 0.34090909090909094, "a": 0.38382352941176473, "m": 0.38382352941176473, "y": 0.45, "h": 0.45, "u": 0.5833333333333333, "c": 0.5833333333333333, "g": 0.7, "d": 0.75, "f": 0.75}, "r": {"r": 0, "k": 0.2, "n": 0.2, "e": 0.2, "o": 0.2, "t": 0.25, "w": 0.25, "s": 0.25882352941176473, "i": 0.34090909090909094, "a": 0.38382352941176473, "m": 0.38382352941176473, "y": 0.45, "h": 0.45, "u": 0.5833333333333333, "c": 0.5833333333333333, "g": 0.7, "d": 0.75, "f": 0.75}, "s": {"s": 0, "e": 0.058823529411764705, "a": 0.125, "m": 0.125, "n": 0.125, "t": 0.125, "i": 0.2159090909090909, "o": 0.25882352941176473, "r": 0.25882352941176473, "w": 0.3088235294117647, "k": 0.3088235294117647, "y": 0.325, "h": 0.325, "u": 0.4583333333333333, "c": 0.4583333333333333, "g": 0.625, "d": 0.625, "f": 0.625}, "t": {"t": 0, "e": 0.06666666666666667, "n": 0.08333333333333333, "i": 0.09090909090909091, "s": 0.125, "a": 0.2, "y": 0.2, "h": 0.2, "w": 0.25, "o": 0.25, "r": 0.25, "k": 0.25, "m": 0.25, "u": 0.3333333333333333, "c": 0.3333333333333333, "d": 0.5, "f": 0.5, "g": 0.5833333333333334}, "u": {"u": 0, "t": 0.3333333333333333, "e": 0.39999999999999997, "n": 0.41666666666666663, "i": 0.4242424242424242, "s": 0.4583333333333333, "a": 0.5, "y": 0.5333333333333333, "h": 0.5333333333333333, "w": 0.5833333333333333, "o": 0.5833333333333333, "r": 0.5833333333333333, "k": 0.5833333333333333, "m": 0.5833333333333333, "c": 0.6666666666666666, "d": 0.8333333333333333, "f": 0.8333333333333333, "g": 0.9166666666666666}, "w": {"w": 0, "n": 0.2, "e": 0.25, "t": 0.25, "o": 0.25, "r": 0.25, "k": 0.25, "s": 0.3088235294117647, "i": 0.34090909090909094, "a": 0.4338235294117647, "m": 0.4338235294117647, "y": 0.45, "h": 0.45, "u": 0.5833333333333333, "c": 0.5833333333333333, "g": 0.7, "d": 0.75, "f": 0.75}, "y": {"y": 0, "t": 0.2, "i": 0.25, "e": 0.26666666666666666, "n": 0.2833333333333333, "s": 0.325, "a": 0.4, "h": 0.4, "w": 0.45, "o": 0.45, "r": 0.45, "k": 0.45, "m": 0.45, "u": 0.5333333333333333, "c": 0.5333333333333333, "d": 0.7, "f": 0.7, "g": 0.7833333333333333}}}}