{"all_pairs_dijkstra": {"inv_cooccurrence": {"2": {"2": 0, "p": 0.5, "e": 0.5833333333333334, "r": 0.5909090909090909, "t": 0.627946127946128, "o": 0.630909090909091, "n": 0.638888888888889, "a": 0.640909090909091, "i": 0.6421568627450981, "c": 0.6458333333333334, "u": 0.6575757575757576, "s": 0.6742424242424243, "y": 0.6909090909090909, "l": 0.6944444444444444, "m": 0.6944444444444444, "g": 0.703409090909091, "v": 0.7254901960784315, "d": 0.7532679738562091, "b": 0.7671568627450981, "h": 0.7833333333333334, "w": 0.9242424242424243, "k": 1.0833333333333335, "z": 1.127946127946128, "f": 1.5833333333333335}, "a": {"a": 0, "t": 0.03125, "i": 0.034482758620689655, "n": 0.045454545454545456, "r": 0.05, "o": 0.05, "e": 0.058823529411764705, "g": 0.0625, "l": 0.09090909090909091, "c": 0.10555555555555556, "v": 0.1111111111111111, "u": 0.11458333333333333, "s": 0.13448275862068965, "p": 0.14090909090909093, "y": 0.1423611111111111, "m": 0.14285714285714285, "h": 0.14285714285714285, "d": 0.14559386973180077, "b": 0.15948275862068967, "w": 0.3833333333333333, "z": 0.5, "k": 0.53125, "2": 0.6409090909090909, "f": 1.0344827586206897}, "b": {"b": 0, "i": 0.125, "t": 0.1488095238095238, "n": 0.1527777777777778, "a": 0.15948275862068967, "o": 0.165, "r": 0.18055555555555555, "e": 0.18382352941176472, "c": 0.19642857142857142, "v": 0.20833333333333331, "u": 0.20833333333333331, "g": 0.22198275862068967, "s": 0.225, "l": 0.2361111111111111, "d": 0.2361111111111111, "y": 0.2599206349206349, "p": 0.26715686274509803, "h": 0.26785714285714285, "m": 0.2949346405228758, "w": 0.5138888888888888, "z": 0.625, "k": 0.6488095238095238, "2": 0.767156862745098, "f": 1.125}, "c": {"c": 0, "r": 0.05555555555555555, "e": 0.0625, "i": 0.07142857142857142, "t": 0.09259259259259259, "o": 0.09555555555555556, "n": 0.0992063492063492, "y": 0.1, "a": 0.10555555555555556, "u": 0.12222222222222222, "p": 0.14583333333333331, "s": 0.14646464646464646, "v": 0.15476190476190477, "m": 0.16666666666666666, "g": 0.16805555555555557, "l": 0.1736111111111111, "d": 0.18253968253968253, "b": 0.19642857142857142, "h": 0.2, "w": 0.38888888888888884, "k": 0.5555555555555556, "z": 0.5714285714285714, "2": 0.6458333333333333, "f": 1.0625}, "d": {"d": 0, "i": 0.1111111111111111, "t": 0.1349206349206349, "n": 0.1388888888888889, "o": 0.14285714285714285, "a": 0.14559386973180077, "r": 0.16666666666666666, "e": 0.16993464052287582, "c": 0.18253968253968253, "v": 0.19444444444444442, "u": 0.19444444444444442, "g": 0.20809386973180077, "s": 0.2111111111111111, "l": 0.2222222222222222, "b": 0.2361111111111111, "y": 0.24603174603174602, "p": 0.25326797385620914, "h": 0.25396825396825395, "m": 0.28104575163398693, "w": 0.5, "z": 0.6111111111111112, "k": 0.6349206349206349, "2": 0.7532679738562091, "f": 1.0}, "e": {"e": 0, "r": 0.025, "t": 0.045454545454545456, "o": 0.047619047619047616, "n": 0.05555555555555555, "a": 0.058823529411764705, "i": 0.058823529411764705, "c": 0.0625, "p": 0.08333333333333333, "s": 0.09090909090909091, "u": 0.09166666666666667, "l": 0.1111111111111111, "m": 0.1111111111111111, "g": 0.1213235294117647, "y": 0.125, "v": 0.14215686274509803, "d": 0.16993464052287582, "b": 0.18382352941176472, "h": 0.2, "w": 0.35833333333333334, "k": 0.5, "z": 0.5454545454545454, "2": 0.5833333333333334, "f": 1.0}, "f": {"f": 0, "i": 1.0, "e": 1.0, "l": 1.0, "d": 1.0, "t": 1.0238095238095237, "r": 1.025, "n": 1.0277777777777777, "a": 1.0344827586206897, "o": 1.04, "c": 1.0625, "v": 1.0833333333333333, "u": 1.0833333333333333, "p": 1.0833333333333333, "s": 1.0909090909090908, "g": 1.0969827586206897, "m": 1.1111111111111112, "b": 1.125, "y": 1.125, "h": 1.1428571428571428, "w": 1.3583333333333332, "z": 1.5, "k": 1.5, "2": 1.5833333333333333}, "g": {"g": 0, "a": 0.0625, "t": 0.07692307692307693, "i": 0.09698275862068965, "n": 0.10795454545454546, "r": 0.1125, "o": 0.1125, "e": 0.1213235294117647, "l": 0.1534090909090909, "u": 0.16025641025641024, "c": 0.16805555555555557, "v": 0.1736111111111111, "y": 0.18803418803418803, "s": 0.19698275862068965, "p": 0.20340909090909093, "m": 0.20535714285714285, "h": 0.20535714285714285, "d": 0.20809386973180077, "b": 0.22198275862068967, "w": 0.4458333333333333, "z": 0.5625, "k": 0.5769230769230769, "2": 0.7034090909090909, "f": 1.0969827586206897}, "h": {"h": 0, "a": 0.14285714285714285, "i": 0.14285714285714285, "n": 0.16666666666666666, "t": 0.16666666666666666, "o": 0.18285714285714286, "r": 0.19285714285714284, "m": 0.2, "c": 0.2, "e": 0.2, "g": 0.20535714285714285, "v": 0.22619047619047616, "u": 0.22619047619047616, "l": 0.23376623376623376, "s": 0.24285714285714285, "d": 0.25396825396825395, "b": 0.26785714285714285, "y": 0.2777777777777778, "p": 0.2833333333333333, "w": 0.5261904761904761, "z": 0.6428571428571428, "k": 0.6666666666666666, "2": 0.7833333333333333, "f": 1.1428571428571428}, "i": {"i": 0, "t": 0.023809523809523808, "n": 0.027777777777777776, "a": 0.034482758620689655, "o": 0.04, "r": 0.05555555555555555, "e": 0.058823529411764705, "c": 0.07142857142857142, "v": 0.08333333333333333, "u": 0.08333333333333333, "g": 0.09698275862068965, "s": 0.1, "l": 0.1111111111111111, "d": 0.1111111111111111, "b": 0.125, "y": 0.1349206349206349, "p": 0.14215686274509803, "h": 0.14285714285714285, "m": 0.16993464052287582, "w": 0.38888888888888884, "z": 0.5, "k": 0.5238095238095238, "2": 0.642156862745098, "f": 1.0}, "k": {"k": 0, "n": 0.5, "r": 0.5, "e": 0.5, "t": 0.5, "i": 0.5238095238095238, "a": 0.53125, "o": 0.54, "c": 0.5555555555555556, "u": 0.5666666666666667, "g": 0.5769230769230769, "p": 0.5833333333333334, "s": 0.5909090909090909, "y": 0.6, "v": 0.6071428571428572, "l": 0.6111111111111112, "m": 0.6111111111111112, "d": 0.6349206349206349, "b": 0.6488095238095238, "h": 0.6666666666666666, "w": 0.8333333333333333, "z": 1.0, "2": 1.0833333333333335, "f": 1.5}, "l": {"l": 0, "a": 0.09090909090909091, "e": 0.1111111111111111, "i": 0.1111111111111111, "t": 0.12215909090909091, "r": 0.1361111111111111, "n": 0.13636363636363635, "o": 0.14090909090909093, "g": 0.1534090909090909, "c": 0.1736111111111111, "p": 0.19444444444444442, "v": 0.19444444444444442, "u": 0.19444444444444442, "s": 0.2, "m": 0.2222222222222222, "d": 0.2222222222222222, "y": 0.23327020202020202, "h": 0.23376623376623376, "b": 0.2361111111111111, "w": 0.46944444444444444, "z": 0.5909090909090909, "k": 0.6111111111111112, "2": 0.6944444444444444, "f": 1.0}, "m": {"m": 0, "e": 0.1111111111111111, "r": 0.1361111111111111, "a": 0.14285714285714285, "t": 0.15656565656565657, "o": 0.15873015873015872, "n": 0.16666666666666666, "c": 0.16666666666666666, "i": 0.16993464052287582, "p": 0.19444444444444442, "h": 0.2, "s": 0.20202020202020202, "u": 0.20277777777777778, "g": 0.20535714285714285, "l": 0.2222222222222222, "y": 0.2361111111111111, "v": 0.25326797385620914, "d": 0.28104575163398693, "b": 0.2949346405228758, "w": 0.46944444444444444, "k": 0.6111111111111112, "z": 0.6428571428571428, "2": 0.6944444444444444, "f": 1.1111111111111112}, "n": {"n": 0, "i": 0.027777777777777776, "t": 0.037037037037037035, "o": 0.043478260869565216, "a": 0.045454545454545456, "e": 0.05555555555555555, "r": 0.06666666666666667, "c": 0.0992063492063492, "g": 0.10795454545454546, "v": 0.1111111111111111, "u": 0.1111111111111111, "s": 0.12777777777777777, "l": 0.13636363636363635, "d": 0.1388888888888889, "p": 0.1388888888888889, "y": 0.14814814814814814, "b": 0.1527777777777778, "m": 0.16666666666666666, "h": 0.16666666666666666, "w": 0.39999999999999997, "k": 0.5, "z": 0.5277777777777778, "2": 0.6388888888888888, "f": 1.0277777777777777}, "o": {"o": 0, "r": 0.04, "t": 0.04, "i": 0.04, "n": 0.043478260869565216, "e": 0.047619047619047616, "a": 0.05, "u": 0.08333333333333333, "c": 0.09555555555555556, "s": 0.1, "g": 0.1125, "v": 0.12333333333333332, "p": 0.13090909090909092, "y": 0.14, "l": 0.14090909090909093, "d": 0.14285714285714285, "m": 0.15873015873015872, "b": 0.165, "h": 0.18285714285714286,