{"degree_centrality": {"inv_cooccurrence": {"a": 0.9473684210526315, "b": 0.42105263157894735, "c": 0.8421052631578947, "d": 0.9473684210526315, "e": 0.9473684210526315, "f": 0.5789473684210527, "g": 0.631578947368421, "i": 0.894736842105263, "l": 0.7368421052631579, "m": 0.7368421052631579, "n": 0.9473684210526315, "o": 1.0, "p": 0.6842105263157894, "r": 1.0, "s": 0.7368421052631579, "t": 0.9473684210526315, "u": 0.7894736842105263, "v": 0.6842105263157894, "w": 0.3157894736842105, "y": 0.7894736842105263}}, "betweenness_centrality": {"inv_cooccurrence": {"a": 0.014619883040935672, "b": 0.0, "c": 0.0, "d": 0.0, "e": 0.1695906432748538, "f": 0.0, "g": 0.0, "i": 0.5701754385964912, "l": 0.0, "m": 0.0, "n": 0.07017543859649122, "o": 0.005847953216374269, "p": 0.0, "r": 0.09941520467836257, "s": 0.0, "t": 0.05847953216374269, "u": 0.0, "v": 0.0, "w": 0.0, "y": 0.0}}, "closeness_centrality": {"inv_cooccurrence": {"a": 7.505520956701939, "b": 2.329672750603446, "c": 6.533155488305206, "d": 6.5446213089854055, "e": 8.054841512144367, "f": 4.019394234122409, "g": 5.172933210214707, "i": 8.814039029431072, "l": 4.643919537786544, "m": 6.669503405331758, "n": 8.3258236517847, "o": 7.2356609978565505, "p": 4.827182056213958, "r": 6.242571220948724, "s": 4.809676578339164, "t": 8.498903871267089, "u": 4.470817188074819, "v": 5.197431404363745, "w": 1.6042395616353295, "y": 6.429226887656328}}}