{"degree_centrality": {"inv_cooccurrence": {"a": 0.8333333333333333, "b": 0.4583333333333333, "c": 0.9166666666666666, "d": 0.7916666666666666, "e": 1.0, "f": 0.6666666666666666, "g": 0.75, "h": 0.7083333333333333, "i": 0.8333333333333333, "j": 0.20833333333333331, "k": 0.3333333333333333, "l": 0.75, "m": 0.75, "n": 0.875, "o": 0.9583333333333333, "p": 0.7916666666666666, "q": 0.20833333333333331, "r": 0.9166666666666666, "s": 0.9166666666666666, "t": 1.0, "u": 0.7916666666666666, "v": 0.5833333333333333, "w": 0.41666666666666663, "x": 0.4583333333333333, "y": 0.6666666666666666}}, "betweenness_centrality": {"inv_cooccurrence": {"a": 0.018115942028985508, "b": 0.0, "c": 0.0, "d": 0.0, "e": 0.32971014492753625, "f": 0.0, "g": 0.0, "h": 0.0, "i": 0.21014492753623187, "j": 0.0, "k": 0.0, "l": 0.0, "m": 0.0, "n": 0.08695652173913043, "o": 0.0, "p": 0.0, "q": 0.0, "r": 0.18115942028985507, "s": 0.0, "t": 0.3079710144927536, "u": 0.0, "v": 0.0, "w": 0.0, "x": 0.0, "y": 0.0}}, "closeness_centrality": {"inv_cooccurrence": {"a": 9.751367915525947, "b": 4.282386966625418, "c": 9.620631416686333, "d": 7.861756189488187, "e": 9.91825130306474, "f": 7.076666121995851, "g": 3.877007522725067, "h": 7.090566707496522, "i": 9.863983260680152, "j": 0.9538406151208284, "k": 3.445121641992437, "l": 7.306056161111784, "m": 7.312965067796406, "n": 9.901066849486218, "o": 9.488994914655656, "p": 8.33315034262788, "q": 4.532765037442885, "r": 9.711496315142686, "s": 8.868870036328916, "t": 10.047541667624554, "u": 8.018046761912926, "v": 7.335785575577847, "w": 5.322926593440127, "x": 3.4168656326356603, "y": 8.347304759620942}}}