{"degree_centrality": {"cooccurrence": {"a": 0.5882352941176471, "b": 0.29411764705882354, "c": 0.7058823529411764, "d": 0.5882352941176471, "e": 0.9411764705882353, "f": 0.1764705882352941, "h": 0.47058823529411764, "i": 0.6470588235294118, "k": 0.4117647058823529, "l": 0.7058823529411764, "n": 0.8235294117647058, "o": 0.7058823529411764, "p": 0.3529411764705882, "r": 0.5882352941176471, "s": 0.5882352941176471, "t": 0.8823529411764706, "v": 0.29411764705882354, "w": 0.3529411764705882}}, "betweenness_centrality": {"cooccurrence": {"a": 0.00544229055258467, "b": 0.0064425770308123255, "c": 0.08259191788603555, "d": 0.04778462958610017, "e": 0.1386920677361854, "f": 0.00980392156862745, "h": 0.027343183777007306, "i": 0.0, "k": 0.06943815987933634, "l": 0.08259191788603555, "n": 0.19466758731464615, "o": 0.017034313725490195, "p": 0.0, "r": 0.031127450980392157, "s": 0.04778462958610017, "t": 0.07725362872421697, "v": 0.0, "w": 0.12127639517345398}}, "closeness_centrality": {"cooccurrence": {"a": 0.4594594594594595, "b": 0.4473684210526316, "c": 0.5483870967741935, "d": 0.53125, "e": 0.5666666666666667, "f": 0.37777777777777777, "h": 0.5483870967741935, "i": 0.32075471698113206, "k": 0.5, "l": 0.5483870967741935, "n": 0.5862068965517241, "o": 0.38636363636363635, "p": 0.2786885245901639, "r": 0.4473684210526316, "s": 0.53125, "t": 0.5151515151515151, "v": 0.3148148148148148, "w": 0.5151515151515151}}}