{"degree_centrality": {"cooccurrence": {"a": 0.9090909090909092, "b": 0.5909090909090909, "c": 0.9090909090909092, "d": 0.8636363636363636, "e": 1.0, "f": 0.7727272727272727, "g": 0.8636363636363636, "h": 0.6818181818181819, "i": 0.9090909090909092, "k": 0.6363636363636364, "l": 0.8636363636363636, "m": 0.8181818181818182, "n": 0.9545454545454546, "o": 0.9545454545454546, "p": 0.8636363636363636, "q": 0.2272727272727273, "r": 1.0, "s": 0.9545454545454546, "t": 1.0, "u": 0.8636363636363636, "v": 0.6818181818181819, "w": 0.5, "y": 0.7272727272727273}}, "betweenness_centrality": {"cooccurrence": {"a": 0.0, "b": 0.07467532467532467, "c": 0.027056277056277056, "d": 0.21252319109461967, "e": 0.0, "f": 0.05998763141620283, "g": 0.151669758812616, "h": 0.09416615130900848, "i": 0.0, "k": 0.10404040404040403, "l": 0.07612863327149043, "m": 0.00772005772005772, "n": 0.002525252525252525, "o": 0.0, "p": 0.005916305916305917, "q": 0.0634714491857349, "r": 0.06600700886415173, "s": 0.005359719645433931, "t": 0.009379509379509378, "u": 0.026736755308183882, "v": 0.02776747062461348, "w": 0.2099773242630385, "y": 0.05168006596578026}}, "closeness_centrality": {"cooccurrence": {"a": 0.19469026548672566, "b": 0.29333333333333333, "c": 0.3055555555555556, "d": 0.3793103448275862, "e": 0.1317365269461078, "f": 0.3188405797101449, "g": 0.3728813559322034, "h": 0.3492063492063492, "i": 0.27848101265822783, "k": 0.3728813559322034, "l": 0.3384615384615385, "m": 0.2857142857142857, "n": 0.24719101123595505, "o": 0.21782178217821782, "p": 0.2619047619047619, "q": 0.2391304347826087, "r": 0.3055555555555556, "s": 0.24444444444444444, "t": 0.2558139534883721, "u": 0.28205128205128205, "v": 0.2857142857142857, "w": 0.3728813559322034, "y": 0.2894736842105263}}}