{"degree_centrality": {"inv_cooccurrence": {"2": 0.043478260869565216, "a": 0.8695652173913043, "b": 0.3913043478260869, "c": 0.6521739130434783, "d": 0.6521739130434783, "e": 0.8695652173913043, "f": 0.17391304347826086, "g": 0.4782608695652174, "h": 0.4782608695652174, "i": 0.9130434782608695, "k": 0.43478260869565216, "l": 0.7391304347826086, "m": 0.6956521739130435, "n": 0.9130434782608695, "o": 0.9130434782608695, "p": 0.6956521739130435, "r": 0.9130434782608695, "s": 0.6086956521739131, "t": 0.9130434782608695, "u": 0.7826086956521738, "v": 0.5217391304347826, "w": 0.34782608695652173, "y": 0.6956521739130435, "z": 0.34782608695652173}}, "betweenness_centrality": {"inv_cooccurrence": {"2": 0.0, "a": 0.10869565217391304, "b": 0.0, "c": 0.0, "d": 0.0, "e": 0.19367588932806323, "f": 0.0, "g": 0.0, "h": 0.0, "i": 0.3264163372859025, "k": 0.0, "l": 0.0, "m": 0.0, "n": 0.0029644268774703555, "o": 0.003293807641633728, "p": 0.08695652173913043, "r": 0.21739130434782608, "s": 0.0, "t": 0.09914361001317522, "u": 0.0, "v": 0.0, "w": 0.0, "y": 0.0, "z": 0.0}}, "closeness_centrality": {"inv_cooccurrence": {"2": 1.3245784719241536, "a": 4.7391519443116135, "b": 3.100786095939665, "c": 4.134322912433663, "d": 3.2892134046507255, "e": 4.820522217458366, "f": 0.8813240855677024, "g": 3.7332321332996115, "h": 3.0367186900899883, "i": 4.927719017020227, "k": 1.5067269641287209, "l": 3.553479713630422, "m": 3.2717892354001, "n": 4.622208922674084, "o": 4.673538520053785, "p": 3.614070872226394, "r": 4.864358833569132, "s": 3.6631858366577927, "t": 4.905416780918336, "u": 3.910174235827484, "v": 3.5453355118971244, "w": 1.9068775622657816, "y": 3.4483901101393624, "z": 1.4973010019817314}}}