{"all_pairs_dijkstra": {"inv_cooccurrence": {"a": {"a": 0, "n": 0.029411764705882353, "e": 0.034482758620689655, "t": 0.038461538461538464, "i": 0.041666666666666664, "m": 0.047619047619047616, "o": 0.07703081232492998, "c": 0.08333333333333333, "d": 0.08333333333333333, "r": 0.08448275862068966, "y": 0.08712121212121213, "g": 0.09090909090909091, "l": 0.125, "v": 0.125, "p": 0.13448275862068965, "s": 0.14166666666666666, "u": 0.16346153846153846, "f": 0.1845238095238095, "b": 0.375, "w": 0.5844827586206897}, "b": {"b": 0, "i": 0.3333333333333333, "t": 0.34972677595628415, "n": 0.3529411764705882, "e": 0.367816091954023, "o": 0.369047619047619, "d": 0.375, "a": 0.375, "y": 0.3787878787878788, "c": 0.3833333333333333, "m": 0.39140271493212664, "v": 0.41666666666666663, "r": 0.41666666666666663, "s": 0.43333333333333335, "g": 0.4447391688770999, "p": 0.4583333333333333, "u": 0.4583333333333333, "l": 0.4583333333333333, "f": 0.47619047619047616, "w": 0.9166666666666666}, "c": {"c": 0, "i": 0.05, "t": 0.058823529411764705, "n": 0.0696078431372549, "e": 0.08321377331420374, "o": 0.08333333333333333, "a": 0.08333333333333333, "d": 0.09166666666666667, "y": 0.09545454545454546, "m": 0.10806938159879337, "r": 0.1111111111111111, "p": 0.125, "v": 0.13333333333333333, "u": 0.14285714285714285, "s": 0.15000000000000002, "g": 0.16013685023728066, "l": 0.175, "f": 0.19285714285714284, "b": 0.3833333333333333, "w": 0.6111111111111112}, "d": {"d": 0, "i": 0.041666666666666664, "t": 0.05555555555555555, "n": 0.061274509803921566, "e": 0.07614942528735633, "o": 0.07738095238095238, "a": 0.08333333333333333, "y": 0.08712121212121213, "c": 0.09166666666666667, "m": 0.09973604826546004, "v": 0.125, "r": 0.125, "s": 0.14166666666666666, "g": 0.15307250221043325, "p": 0.16666666666666666, "u": 0.16666666666666666, "l": 0.16666666666666666, "f": 0.1845238095238095, "b": 0.375, "w": 0.625}, "e": {"e": 0, "t": 0.024390243902439025, "n": 0.02564102564102564, "i": 0.034482758620689655, "a": 0.034482758620689655, "m": 0.05, "r": 0.05, "o": 0.07019704433497537, "d": 0.07614942528735633, "g": 0.07692307692307693, "y": 0.07702182284980744, "c": 0.08321377331420374, "p": 0.1, "v": 0.11781609195402298, "s": 0.13448275862068965, "u": 0.14939024390243902, "l": 0.15948275862068967, "f": 0.17733990147783252, "b": 0.367816091954023, "w": 0.55}, "f": {"f": 0, "i": 0.14285714285714285, "t": 0.15925058548009366, "n": 0.16246498599439774, "e": 0.17733990147783252, "o": 0.17857142857142855, "d": 0.1845238095238095, "a": 0.1845238095238095, "y": 0.18831168831168832, "c": 0.19285714285714284, "m": 0.2009265244559362, "v": 0.22619047619047616, "r": 0.22619047619047616, "s": 0.24285714285714285, "g": 0.25426297840090945, "p": 0.26785714285714285, "u": 0.26785714285714285, "l": 0.26785714285714285, "b": 0.47619047619047616, "w": 0.7261904761904762}, "g": {"g": 0, "e": 0.07692307692307693, "a": 0.09090909090909091, "m": 0.1, "n": 0.1, "t": 0.10131332082551595, "i": 0.11140583554376658, "r": 0.12692307692307692, "o": 0.1471201212580523, "d": 0.15307250221043325, "y": 0.15394489977288436, "c": 0.16013685023728064, "p": 0.17692307692307693, "v": 0.1947391688770999, "s": 0.21140583554376657, "l": 0.2159090909090909, "u": 0.22631332082551595, "f": 0.25426297840090945, "b": 0.4447391688770999, "w": 0.6269230769230769}, "i": {"i": 0, "t": 0.01639344262295082, "n": 0.0196078431372549, "e": 0.034482758620689655, "o": 0.03571428571428571, "d": 0.041666666666666664, "a": 0.041666666666666664, "y": 0.045454545454545456, "c": 0.05, "m": 0.058069381598793365, "v": 0.08333333333333333, "r": 0.08333333333333333, "s": 0.1, "g": 0.11140583554376658, "p": 0.125, "u": 0.125, "l": 0.125, "f": 0.14285714285714285, "b": 0.3333333333333333, "w": 0.5833333333333334}, "l": {"l": 0, "a": 0.125, "i": 0.125, "t": 0.1413934426229508, "o": 0.14285714285714285, "n": 0.1446078431372549, "e": 0.15948275862068967, "d": 0.16666666666666666, "y": 0.17045454545454547, "m": 0.17261904761904762, "c": 0.175, "r": 0.2, "v": 0.20833333333333331, "g": 0.2159090909090909, "s": 0.225, "p": 0.24285714285714285, "u": 0.25, "f": 0.26785714285714285, "b": 0.4583333333333333, "w": 0.5}, "m": {"m": 0, "n": 0.038461538461538464, "a": 0.047619047619047616, "e": 0.05, "i": 0.058069381598793365, "t": 0.05973813420621932, "o": 0.08608058608058608, "d": 0.09973604826546004, "g": 0.1, "r": 0.1, "y": 0.10352392705333882, "c": 0.10806938159879337, "v": 0.1414027149321267, "p": 0.15000000000000002, "s": 0.15806938159879336, "l": 0.17261904761904762, "u": 0.18306938159879338, "f": 0.20092652445593623, "b": 0.3914027149321267, "w": 0.6}, "n": {"n": 0, "i": 0.0196078431372549, "t": 0.02127659574468085, "e": 0.02564102564102564, "a": 0.029411764705882353, "m": 0.038461538461538464, "o": 0.047619047619047616, "d": 0.061274509803921566, "y": 0.06506238859180036, "c": 0.0696078431372549, "r": 0.07564102564102565, "g": 0.1, "v": 0.10294117647058823, "s": 0.11960784313725491, "p": 0.12564102564102564, "u": 0.1446078431372549, "l": 0.1446078431372549, "f": 0.16246498599439774, "b": 0.3529411764705882, "w": 0.5756410256410256}, "o": {"o": 0, "i": 0.03571428571428571, "n": 0.047619047619047616, "t": 0.047619047619047616, "e": 0.07019704433497537, "a": 0.07703081232492998, "d": 0.07738095238095238, "y": 0.08116883116883117, "c": 0.08333333333333333, "r": 0.08333333333333333, "m": 0.08608058608058608, "p": 0.1, "v": 0.11904761904761904, "s": 0.13571428571428573, "l": 0.14285714285714285, "g": 0.1471201212580523, "u": 0.1607142857142857, "f": 0.17857142857142855, "b": 0.369047619047619, "w": 0.5833333333333334}, "p": {"p": 0, "o": 0.1, "e": 0.1, "t": 0.12439024390243902, "c": 0.125, "i": 0.125, "n": 0.12564102564102564, "a": 0.13448275862068965, "r": 0.14285714285714285, "m": 0.15000000000000002, "d": 0.16666666666666666, "y": 0.17045454545454547, "g": 0.17692307692307693, "v": 0.20833333333333331, "s": 0.225, "l": 0.24285714285714285, "u": 0.24939024390243902, "f": 0.26785714285714285, "b": 0.4583333333333333, "w": 0.6428571428571428}, "r": {"r": 0, "e": 0.05, "t": 0.07439024390243903, "n": 0.07564102564102565, "o": 0.08333333333333333, "i": 0.08333333333333333, "a": 0.08448275862068966, "m": 0.1, "c": 0.1111111111111111, "d": 0.125, "g": 0.12692307692307692, "y": 0.12702182284980745, "p": 0.14285714285714285, "u": 0.16666666666666666, "v": 0.16666666666666666, "s": 0.18333333333333335, "l": 0.2, "f": 0.22619047619047616, "b": 0.41666666666666663, "w": 0.5}, "s": {"s": 0, "i": 0.1, "t": 0.1111111111111111, "n": 0.11960784313725491, "e": 0.13448275862068965, "o": 0.13571428571428573, "d": 0.14166666666666666, "a": 0.14166666666666666, "y": 0.14545454545454545, "c": 0.15000000000000002, "m": 0.15806938159879336, "v": 0.18333333333333335, "r": 0.18333333333333335, "g": 0.21140583554376657, "p": 0.225, "u": 0.225, "l": 0.225, "f": 0.24285714285714285, "b": 0.43333333333333335, "w": 0.6833333333333333}, "t": {"t": 0, "i": 0.01639344262295082, "n": 0.02127659574468085, "e": 0.024390243902439025, "a": 0.038461538461538464, "o": 0.047619047619047616, "y": 0.05263157894736842, "d": 0.05555555555555555, "c": 0.058823529411764705, "m": 0.05973813420621932, "r": 0.07439024390243903, "v": 0.09972677595628415, "g": 0.10131332082551595, "s": 0.1111111111111111, "p": 0.12439024390243902, "u": 0.125, "l": 0.1413934426229508, "f": 0.15925058548009366, "b": 0.34972677595628415, "w": 0.5743902439024391}, "u": {"u": 0, "i": 0.125, "t": 0.125, "c": 0.14285714285714285, "n": 0.1446078431372549, "e": 0.14939024390243902, "o": 0.1607142857142857, "a": 0.16346153846153846, "r": 0.16666666666666666, "d": 0.16666666666666666, "y": 0.17045454545454547, "m": 0.18306938159879335, "v": 0.20833333333333331, "s": 0.225, "g": 0.22631332082551595, "p": 0.24939024390243902, "l": 0.25, "f": 0.26785714285714285, "b": 0.4583333333333333, "w": 0.6666666666666666}, "v": {"v": 0, "i": 0.08333333333333333, "t": 0.09972677595628415, "n": 0.10294117647058823, "e": 0.11781609195402298, "o": 0.11904761904761904,