{"degree_centrality": {"inv_cooccurrence": {"a": 0.8500000000000001, "c": 0.8, "d": 0.5, "e": 0.9500000000000001, "f": 0.65, "g": 0.30000000000000004, "h": 0.45, "i": 1.0, "l": 0.65, "m": 0.35000000000000003, "n": 0.9500000000000001, "o": 0.8500000000000001, "p": 0.7000000000000001, "r": 0.9, "s": 0.8, "t": 0.8500000000000001, "u": 0.7000000000000001, "v": 0.45, "w": 0.4, "x": 0.30000000000000004, "y": 0.6000000000000001}}, "betweenness_centrality": {"inv_cooccurrence": {"a": 0.0, "c": 0.0, "d": 0.0, "e": 0.09999999999999999, "f": 0.0, "g": 0.0, "h": 0.0, "i": 0.4991228070175438, "l": 0.010526315789473684, "m": 0.0, "n": 0.0017543859649122805, "o": 0.020175438596491225, "p": 0.0, "r": 0.2026315789473684, "s": 0.09473684210526316, "t": 0.04473684210526316, "u": 0.0, "v": 0.0, "w": 0.0, "x": 0.0, "y": 0.0}}, "closeness_centrality": {"inv_cooccurrence": {"a": 4.324864067899742, "c": 4.7356708372484055, "d": 2.019474655915154, "e": 4.94686014680283, "f": 3.423844537450497, "g": 2.45898271096269, "h": 2.039594497571524, "i": 5.7696967004619575, "l": 4.435746901500326, "m": 3.549575191793345, "n": 4.80253017258159, "o": 4.7801620107492395, "p": 3.6168255609268636, "r": 5.291102031631283, "s": 3.7694095822645655, "t": 5.346935054400084, "u": 4.416013719217564, "v": 2.0408746268821356, "w": 1.6798378087632917, "x": 1.9274689791058948, "y": 3.9472816264066806}}}