{"degree_centrality": {"inv_cooccurrence": {"a": 0.9090909090909092, "b": 0.5909090909090909, "c": 0.9090909090909092, "d": 0.8636363636363636, "e": 1.0, "f": 0.7727272727272727, "g": 0.8636363636363636, "h": 0.6818181818181819, "i": 0.9090909090909092, "k": 0.6363636363636364, "l": 0.8636363636363636, "m": 0.8181818181818182, "n": 0.9545454545454546, "o": 0.9545454545454546, "p": 0.8636363636363636, "q": 0.2272727272727273, "r": 1.0, "s": 0.9545454545454546, "t": 1.0, "u": 0.8636363636363636, "v": 0.6818181818181819, "w": 0.5, "y": 0.7272727272727273}}, "betweenness_centrality": {"inv_cooccurrence": {"a": 0.0, "b": 0.0, "c": 0.0, "d": 0.0, "e": 0.5281385281385281, "f": 0.0, "g": 0.0, "h": 0.0, "i": 0.0, "k": 0.0, "l": 0.0, "m": 0.0, "n": 0.0, "o": 0.0, "p": 0.0, "q": 0.0, "r": 0.1471861471861472, "s": 0.1774891774891775, "t": 0.2683982683982684, "u": 0.0, "v": 0.0, "w": 0.0, "y": 0.0}}, "closeness_centrality": {"inv_cooccurrence": {"a": 15.50283926651438, "b": 8.551737032258725, "c": 15.046716424766855, "d": 9.626412137541147, "e": 18.642237901452337, "f": 9.396972761688774, "g": 8.58235951278687, "h": 9.517338734188069, "i": 16.62413561809892, "k": 7.869789489453648, "l": 10.347734573925035, "m": 11.625682562484837, "n": 16.416522154887023, "o": 15.378504330132957, "p": 11.904933663134745, "q": 3.4214002658074087, "r": 17.038684385086757, "s": 15.648226730152542, "t": 18.15766246381843, "u": 14.321290302060076, "v": 11.70140673406084, "w": 4.70073836049676, "y": 8.760845128770335}}}