{"degree_centrality": {"inv_cooccurrence": {"a": 0.5882352941176471, "b": 0.29411764705882354, "c": 0.7058823529411764, "d": 0.5882352941176471, "e": 0.9411764705882353, "f": 0.1764705882352941, "h": 0.47058823529411764, "i": 0.6470588235294118, "k": 0.4117647058823529, "l": 0.7058823529411764, "n": 0.8235294117647058, "o": 0.7058823529411764, "p": 0.3529411764705882, "r": 0.5882352941176471, "s": 0.5882352941176471, "t": 0.8823529411764706, "v": 0.29411764705882354, "w": 0.3529411764705882}}, "betweenness_centrality": {"inv_cooccurrence": {"a": 0.20220588235294118, "b": 0.0, "c": 0.0, "d": 0.0, "e": 0.35661764705882354, "f": 0.0, "h": 0.0, "i": 0.13970588235294118, "k": 0.0024509803921568627, "l": 0.0, "n": 0.22058823529411764, "o": 0.329656862745098, "p": 0.0, "r": 0.07598039215686274, "s": 0.0, "t": 0.0, "v": 0.0, "w": 0.0}}, "closeness_centrality": {"inv_cooccurrence": {"a": 1.8110336081166771, "b": 1.1548726243429033, "c": 1.7429512998901506, "d": 1.3131034482758623, "e": 2.45360824742268, "f": 0.7613698970977661, "h": 1.068995633187773, "i": 2.151142355008788, "k": 1.2293741211582059, "l": 1.7429512998901506, "n": 2.316928069226609, "o": 2.3987905257853184, "p": 2.0773930753564156, "r": 2.241758241758242, "s": 1.3131034482758623, "t": 2.2877282922140343, "v": 1.6993256644188812, "w": 0.8056417489421721}}}