{"degree_centrality": {"cooccurrence": {"a": 0.9047619047619047, "b": 0.5714285714285714, "c": 0.8571428571428571, "d": 0.8571428571428571, "e": 1.0, "f": 0.5238095238095237, "g": 0.8571428571428571, "h": 0.5714285714285714, "i": 0.9523809523809523, "k": 0.47619047619047616, "l": 0.9047619047619047, "m": 0.7142857142857142, "n": 1.0, "o": 1.0, "p": 0.7142857142857142, "r": 1.0, "s": 0.8571428571428571, "t": 1.0, "u": 0.7619047619047619, "v": 0.5714285714285714, "w": 0.5238095238095237, "y": 0.8095238095238095}}, "betweenness_centrality": {"cooccurrence": {"a": 0.0, "b": 0.25150793650793657, "c": 0.0, "d": 0.06183673469387755, "e": 0.0, "f": 0.0838888888888889, "g": 0.10303854875283446, "h": 0.2324263038548753, "i": 0.0, "k": 0.0, "l": 0.018356009070294783, "m": 0.010317460317460319, "n": 0.0, "o": 0.22412698412698417, "p": 0.04817460317460318, "r": 0.01802721088435374, "s": 0.0, "t": 0.013662131519274376, "u": 0.005555555555555556, "v": 0.11587301587301588, "w": 0.10555555555555557, "y": 0.16214285714285717}}, "closeness_centrality": {"cooccurrence": {"a": 0.26582278481012656, "b": 0.39622641509433965, "c": 0.2692307692307692, "d": 0.24705882352941178, "e": 0.17073170731707318, "f": 0.328125, "g": 0.3559322033898305, "h": 0.38181818181818183, "i": 0.23595505617977527, "k": 0.19626168224299065, "l": 0.31343283582089554, "m": 0.22340425531914893, "n": 0.29577464788732394, "o": 0.40384615384615385, "p": 0.3181818181818182, "r": 0.3333333333333333, "s": 0.2692307692307692, "t": 0.31343283582089554, "u": 0.25609756097560976, "v": 0.3387096774193548, "w": 0.30434782608695654, "y": 0.3559322033898305}}}