{"degree_centrality": {"inv_cooccurrence": {"a": 0.8695652173913043, "b": 0.34782608695652173, "c": 0.8260869565217391, "d": 0.6521739130434783, "e": 1.0, "f": 0.2608695652173913, "g": 0.6956521739130435, "h": 0.5652173913043478, "i": 0.9130434782608695, "k": 0.34782608695652173, "l": 0.7391304347826086, "m": 0.6521739130434783, "n": 0.8695652173913043, "o": 0.8695652173913043, "p": 0.6956521739130435, "r": 0.9130434782608695, "s": 0.7391304347826086, "t": 0.8695652173913043, "u": 0.6521739130434783, "v": 0.5652173913043478, "w": 0.3913043478260869, "x": 0.2608695652173913, "y": 0.6521739130434783, "z": 0.13043478260869565}}, "betweenness_centrality": {"inv_cooccurrence": {"a": 0.04743083003952569, "b": 0.0, "c": 0.035573122529644265, "d": 0.0, "e": 0.38274044795783924, "f": 0.0, "g": 0.0, "h": 0.0, "i": 0.2924901185770751, "k": 0.0, "l": 0.0, "m": 0.0, "n": 0.003952569169960474, "o": 0.0447957839262187, "p": 0.0, "r": 0.07246376811594202, "s": 0.0, "t": 0.10869565217391304, "u": 0.0, "v": 0.0, "w": 0.0, "x": 0.0, "y": 0.0, "z": 0.0}}, "closeness_centrality": {"inv_cooccurrence": {"a": 5.367265092808026, "b": 2.414075089822823, "c": 5.382352527190405, "d": 4.770952546529011, "e": 5.763613723332236, "f": 0.8939014661280751, "g": 4.5181741022072535, "h": 3.7279017126702043, "i": 5.710797654143483, "k": 1.5460154131795214, "l": 4.583573821133175, "m": 4.862704200753262, "n": 5.49360633405219, "o": 5.380654768864295, "p": 4.720620384129685, "r": 5.485529292535227, "s": 5.175531672738741, "t": 5.64627965587614, "u": 4.575419334919857, "v": 4.766489428266667, "w": 2.423462841138723, "x": 2.423462841138723, "y": 4.805651352921021, "z": 0.8893952475805724}}}