{"degree_centrality": {"inv_cooccurrence": {"a": 0.8333333333333333, "b": 0.4583333333333333, "c": 0.8333333333333333, "d": 0.6666666666666666, "e": 0.9583333333333333, "f": 0.625, "g": 0.5833333333333333, "h": 0.125, "i": 0.875, "k": 0.5416666666666666, "l": 0.7083333333333333, "m": 0.625, "n": 0.9583333333333333, "o": 1.0, "p": 0.75, "q": 0.5, "r": 0.875, "s": 0.7083333333333333, "t": 0.9583333333333333, "u": 0.875, "v": 0.5416666666666666, "w": 0.25, "x": 0.20833333333333331, "y": 0.7083333333333333, "z": 0.25}}, "betweenness_centrality": {"inv_cooccurrence": {"a": 0.0, "b": 0.0, "c": 0.0, "d": 0.0, "e": 0.5217391304347826, "f": 0.0, "g": 0.0, "h": 0.0, "i": 0.16304347826086957, "k": 0.0, "l": 0.0, "m": 0.0, "n": 0.07971014492753624, "o": 0.0036231884057971015, "p": 0.0, "q": 0.0, "r": 0.0, "s": 0.07971014492753624, "t": 0.19202898550724637, "u": 0.0, "v": 0.0, "w": 0.0, "x": 0.0, "y": 0.0, "z": 0.0}}, "closeness_centrality": {"inv_cooccurrence": {"a": 5.473023528638843, "b": 3.63576761544993, "c": 5.475730481994191, "d": 5.064349312222496, "e": 6.147950052082349, "f": 3.6495936462780603, "g": 3.3382226593937245, "h": 1.566692968826696, "i": 5.899796581166494, "k": 2.8826707261830307, "l": 3.98233531092306, "m": 4.520478013545893, "n": 5.954448564510022, "o": 5.747716029997886, "p": 5.3207127792177875, "q": 2.060148162220519, "r": 5.906605064974787, "s": 5.574273605021896, "t": 6.011603350384446, "u": 5.284104875489773, "v": 4.414139276356277, "w": 0.9031395195055693, "x": 1.549158741343462, "y": 4.279931831641067, "z": 2.0452331378892064}}}