{"all_pairs_dijkstra": {"inv_cooccurrence": {"a": {"a": 0, "e": 0.010526315789473684, "n": 0.011111111111111112, "t": 0.013888888888888888, "s": 0.015384615384615385, "m": 0.01694915254237288, "i": 0.01694915254237288, "r": 0.017237725185446837, "c": 0.019454887218045114, "o": 0.02393162393162393, "v": 0.025677830940988834, "d": 0.026399331662489554, "g": 0.03333333333333333, "u": 0.036111111111111115, "l": 0.042784380305602714, "y": 0.05219298245614035, "h": 0.05555555555555555, "p": 0.05598086124401914, "k": 0.07302631578947369, "w": 0.09385964912280702, "b": 0.14285714285714285, "f": 0.15980629539951574}, "b": {"b": 0, "a": 0.14285714285714285, "e": 0.15338345864661654, "n": 0.15396825396825395, "t": 0.15674603174603174, "s": 0.15824175824175823, "m": 0.15980629539951574, "i": 0.15980629539951574, "r": 0.16009486804258968, "c": 0.16231203007518796, "o": 0.16678876678876678, "v": 0.1685349737981317, "d": 0.1692564745196324, "g": 0.17619047619047618, "u": 0.17896825396825394, "l": 0.18564152316274557, "y": 0.1950501253132832, "h": 0.1984126984126984, "p": 0.19883800410116198, "k": 0.21588345864661654, "w": 0.23671679197994988, "f": 0.3026634382566586}, "c": {"c": 0, "e": 0.008928571428571428, "i": 0.011494252873563218, "n": 0.011494252873563218, "r": 0.015151515151515152, "t": 0.016504329004329004, "s": 0.017331932773109245, "o": 0.01818181818181818, "a": 0.019454887218045114, "u": 0.02127659574468085, "m": 0.023214285714285715, "v": 0.02408008658008658, "d": 0.0248015873015873, "g": 0.03273809523809523, "l": 0.041186635944700456, "y": 0.050595238095238096, "p": 0.05438311688311688, "k": 0.07142857142857142, "h": 0.07501044277360067, "w": 0.09226190476190475, "f": 0.15435139573070605, "b": 0.16231203007518796}, "d": {"d": 0, "e": 0.015873015873015872, "r": 0.022584425268989027, "t": 0.023448773448773448, "n": 0.023506603659275413, "s": 0.024276377217553685, "c": 0.0248015873015873, "i": 0.025488400488400488, "a": 0.026399331662489554, "m": 0.030158730158730156, "v": 0.031024531024531024, "o": 0.03628117913832199, "g": 0.03968253968253968, "u": 0.04607818304626815, "l": 0.048131080389144903, "y": 0.057539682539682536, "p": 0.06132756132756133, "k": 0.07837301587301587, "h": 0.08195488721804511, "w": 0.0992063492063492, "f": 0.16834554334554333, "b": 0.1692564745196324}, "e": {"e": 0, "r": 0.006711409395973154, "t": 0.007575757575757576, "n": 0.007633587786259542, "s": 0.008403361344537815, "c": 0.008928571428571428, "i": 0.009615384615384616, "a": 0.010526315789473684, "m": 0.014285714285714285, "v": 0.015151515151515152, "d": 0.015873015873015872, "o": 0.02040816326530612, "g": 0.023809523809523808, "u": 0.03020516717325228, "l": 0.03225806451612903, "y": 0.041666666666666664, "p": 0.045454545454545456, "k": 0.0625, "h": 0.06608187134502924, "w": 0.08333333333333333, "f": 0.15247252747252746, "b": 0.15338345864661654}, "f": {"f": 0, "i": 0.14285714285714285, "e": 0.15247252747252746, "n": 0.15247252747252746, "t": 0.15275813295615276, "c": 0.15435139573070605, "o": 0.15848214285714285, "r": 0.1591839368685006, "a": 0.15980629539951574, "s": 0.16087588881706527, "m": 0.16675824175824175, "v": 0.16762404262404262, "d": 0.16834554334554333, "u": 0.17142857142857143, "g": 0.17628205128205127, "l": 0.1847305919886565, "y": 0.19413919413919412, "p": 0.1979270729270729, "k": 0.21497252747252746, "h": 0.2153618509550713, "w": 0.2358058608058608, "b": 0.3026634382566586}, "g": {"g": 0, "e": 0.023809523809523808, "r": 0.030520933205496963, "t": 0.031385281385281384, "n": 0.03144311159578335, "s": 0.03221288515406162, "c": 0.03273809523809523, "a": 0.03333333333333333, "i": 0.033424908424908424, "m": 0.03809523809523809, "v": 0.03896103896103896, "d": 0.03968253968253968, "o": 0.044217687074829926, "u": 0.05401469098277609, "l": 0.05606758832565284, "y": 0.06547619047619047, "p": 0.06926406926406926, "k": 0.08630952380952381, "h": 0.08888888888888888, "w": 0.10714285714285714, "b": 0.17619047619047618, "f": 0.17628205128205127}, "h": {"h": 0, "a": 0.05555555555555555, "s": 0.058823529411764705, "e": 0.06608187134502924, "n": 0.06666666666666667, "t": 0.06944444444444445, "m": 0.07250470809792843, "i": 0.07250470809792843, "r": 0.0727932807410024, "c": 0.07501044277360067, "o": 0.07948717948717948, "v": 0.0812333864965444, "d": 0.08195488721804511, "g": 0.08888888888888888, "u": 0.09166666666666667, "l": 0.09833993586115827, "y": 0.1077485380116959, "p": 0.1115364167995747, "k": 0.12858187134502924, "w": 0.14941520467836256, "b": 0.1984126984126984, "f": 0.21536185095507127}, "i": {"i": 0, "e": 0.009615384615384616, "n": 0.009615384615384616, "t": 0.009900990099009901, "c": 0.011494252873563218, "o": 0.015625, "r": 0.01632679401135777, "a": 0.01694915254237288, "s": 0.01801874595992243, "m": 0.0239010989010989, "v": 0.024766899766899768, "d": 0.025488400488400488, "u": 0.02857142857142857, "g": 0.033424908424908424, "l": 0.04187344913151365, "y": 0.05128205128205128, "p": 0.05506993006993007, "k": 0.07211538461538461, "h": 0.07250470809792843, "w": 0.09294871794871795, "f": 0.14285714285714285, "b": 0.15980629539951574}, "k": {"k": 0, "e": 0.0625, "r": 0.06921140939597316, "t": 0.07007575757575757, "n": 0.07013358778625954, "s": 0.07090336134453781, "c": 0.07142857142857142, "i": 0.07211538461538461, "a": 0.07302631578947369, "m": 0.07678571428571429, "v": 0.07765151515151515, "d": 0.07837301587301587, "o": 0.08290816326530612, "g": 0.08630952380952381, "u": 0.09270516717325228, "l": 0.09475806451612903, "y": 0.10416666666666666, "p": 0.10795454545454546, "h": 0.12858187134502924, "w": 0.14285714285714285, "f": 0.21497252747252746, "b": 0.21588345864661654}, "l": {"l": 0, "e": 0.03225806451612903, "r": 0.03896947391210218, "t": 0.03983382209188661, "n": 0.03989165230238857, "s": 0.040661425860666844, "c": 0.041186635944700456, "i": 0.04187344913151365, "a": 0.042784380305602714, "m": 0.046543778801843315, "v": 0.04740957966764418, "d": 0.048131080389144903, "o": 0.05266622778143515, "g": 0.05606758832565284, "u": 0.06246323168938131, "y": 0.07392473118279569, "p": 0.07771260997067449, "k": 0.09475806451612903, "h": 0.09833993586115827, "w": 0.11559139784946236, "f": 0.1847305919886565, "b": 0.18564152316274557}, "m": {"m": 0, "e": 0.014285714285714285, "n": 0.015151515151515152, "a": 0.01694915254237288, "t": 0.02, "r": 0.02099712368168744, "s": 0.0226890756302521, "c": 0.023214285714285715, "i": 0.0239010989010989, "o": 0.02631578947368421, "v": 0.029437229437229435, "d": 0.030158730158730156, "g": 0.03809523809523809, "u": 0.04015151515151515, "l": 0.046543778801843315, "y": 0.05595238095238095, "p": 0.05974025974025974, "h": 0.07250470809792843, "k": 0.07678571428571429, "w": 0.09761904761904762, "b": 0.15980629539951574, "f": 0.16675824175824175}, "n": {"n": 0, "t": 0.007462686567164179, "e": 0.007633587786259542, "i": 0.009615384615384616, "a": 0.011111111111111112, "c": 0.011494252873563218, "o": 0.01282051282051282, "r": 0.014344997182232696, "m": 0.015151515151515152, "s": 0.016036949130797357, "v": 0.022785102937774693, "d": 0.023506603659275413, "u": 0.025, "g": 0.03144311159578335, "l": 0.03989165230238857, "y": 0.049300254452926205, "p": 0.053088133240805, "h": 0.06666666666666667, "k": 0.07013358778625954, "w": 0.09096692111959287, "f": 0.15247252747252746, "b": 0.15396825396825395}, "o": {"o": 0, "n": 0.01282051282051282, "i": 0.015625, "t": 0.016666666666666666, "c": 0.01818181818181818, "e": 0.02040816326530612, "a": 0.02393162393162393, "r": 0.02564102564102564, "m": 0.02631578947368421, "s": 0.028811524609843937, "v": 0.03555967841682127, "d": 0.03628117913832199, "u": 0.037820512820512825, "g": 0.044217687074829926, "l": 0.05266622778143515, "y": 0.06207482993197279, "p": 0.06586270871985157, "h": 0.07948717948717948, "k": 0.08290816326530612, "w": 0.10374149659863945, "f": 0.15848214285714285, "b": 0.16678876678876678}, "p": {"p": 0, "e": 0.045454545454545456, "r": 0.05, "t": 0.05, "n": 0.053088133240805, "s": 0.05385790679908327,