{"degree_centrality": {"cooccurrence": {"a": 0.9545454545454546, "b": 0.6363636363636364, "c": 0.9545454545454546, "d": 0.9090909090909092, "e": 1.0, "f": 0.8181818181818182, "g": 0.7272727272727273, "h": 0.8636363636363636, "i": 0.9545454545454546, "k": 0.7727272727272727, "l": 0.9090909090909092, "m": 0.8636363636363636, "n": 1.0, "o": 0.9545454545454546, "p": 0.9545454545454546, "q": 0.4090909090909091, "r": 1.0, "s": 0.9545454545454546, "t": 0.9545454545454546, "u": 0.8181818181818182, "v": 0.6818181818181819, "w": 0.4545454545454546, "y": 0.9090909090909092}}, "betweenness_centrality": {"cooccurrence": {"a": 0.053391053391053385, "b": 0.17381983096268808, "c": 0.0, "d": 0.08149866007008864, "e": 0.0, "f": 0.14871160585446297, "g": 0.05343228200371057, "h": 0.017470624613481756, "i": 0.0, "k": 0.18323026180169033, "l": 0.0, "m": 0.06168831168831168, "n": 0.0, "o": 0.0, "p": 0.023953823953823953, "q": 0.2093795093795094, "r": 0.0, "s": 0.018398268398268393, "t": 0.0, "u": 0.009163059163059163, "v": 0.001484230055658627, "w": 0.15119562976705833, "y": 0.101288394145537}}, "closeness_centrality": {"cooccurrence": {"a": 0.29333333333333333, "b": 0.3283582089552239, "c": 0.28205128205128205, "d": 0.3013698630136986, "e": 0.14864864864864866, "f": 0.3492063492063492, "g": 0.3055555555555556, "h": 0.3142857142857143, "i": 0.23655913978494625, "k": 0.3492063492063492, "l": 0.18333333333333332, "m": 0.3333333333333333, "n": 0.26506024096385544, "o": 0.15827338129496402, "p": 0.27848101265822783, "q": 0.3333333333333333, "r": 0.2, "s": 0.2894736842105263, "t": 0.21568627450980393, "u": 0.2857142857142857, "v": 0.25287356321839083, "w": 0.3055555555555556, "y": 0.3283582089552239}}}