{"degree_centrality": {"cooccurrence": {"a": 0.8260869565217391, "b": 0.3913043478260869, "c": 0.8260869565217391, "d": 0.6956521739130435, "e": 1.0, "f": 0.43478260869565216, "g": 0.7826086956521738, "h": 0.6521739130434783, "i": 0.9565217391304348, "k": 0.3913043478260869, "l": 0.7391304347826086, "m": 0.7391304347826086, "n": 0.9565217391304348, "o": 0.9130434782608695, "p": 0.7391304347826086, "q": 0.21739130434782608, "r": 0.9130434782608695, "s": 0.8260869565217391, "t": 1.0, "u": 0.8260869565217391, "v": 0.6521739130434783, "w": 0.34782608695652173, "x": 0.30434782608695654, "y": 0.5652173913043478}}, "betweenness_centrality": {"cooccurrence": {"a": 0.001976284584980237, "b": 0.1571240353849049, "c": 0.052140974967061916, "d": 0.15271503858460378, "e": 0.0, "f": 0.049774138904573675, "g": 0.09571805006587615, "h": 0.052973837756446436, "i": 0.0469038208168643, "k": 0.001976284584980237, "l": 0.017988895162808202, "m": 0.0, "n": 0.02322604931300584, "o": 0.06944287596461508, "p": 0.0, "q": 0.0, "r": 0.0029644268774703555, "s": 0.1547430830039526, "t": 0.017621870882740445, "u": 0.08841520798042536, "v": 0.04431582909843779, "w": 0.0, "x": 0.21184829663090526, "y": 0.028985507246376812}}, "closeness_centrality": {"cooccurrence": {"a": 0.22772277227722773, "b": 0.36507936507936506, "c": 0.323943661971831, "d": 0.35384615384615387, "e": 0.2839506172839506, "f": 0.2987012987012987, "g": 0.3194444444444444, "h": 0.3333333333333333, "i": 0.3026315789473684, "k": 0.22115384615384615, "l": 0.30666666666666664, "m": 0.2839506172839506, "n": 0.3333333333333333, "o": 0.35384615384615387, "p": 0.2911392405063291, "q": 0.17557251908396945, "r": 0.25274725274725274, "s": 0.3382352941176471, "t": 0.2948717948717949, "u": 0.359375, "v": 0.3150684931506849, "w": 0.21904761904761905, "x": 0.36507936507936506, "y": 0.25842696629213485}}}