{"all_pairs_dijkstra": {"inv_cooccurrence": {"a": {"a": 0, "t": 0.005649717514124294, "n": 0.006756756756756757, "i": 0.00819672131147541, "r": 0.012195121951219513, "o": 0.012345679012345678, "c": 0.013333333333333334, "e": 0.014824029440729799, "s": 0.017857142857142856, "p": 0.022222222222222223, "y": 0.03003996141656332, "d": 0.03676814988290398, "u": 0.0368997175141243, "l": 0.04523375834851245, "h": 0.045454545454545456, "m": 0.047619047619047616, "f": 0.049863387978142076, "v": 0.05186106647776684, "w": 0.10310421286031042, "q": 0.1398240294407298, "b": 0.15505226480836237, "g": 0.17886178861788618, "x": 0.20675675675675675, "k": 0.2148240294407298, "j": 1.0056497175141244}, "b": {"b": 0, "r": 0.14285714285714285, "t": 0.1526610644257703, "c": 0.15476190476190477, "a": 0.15505226480836237, "e": 0.15535714285714286, "n": 0.15619047619047619, "i": 0.1586490883778661, "o": 0.15980629539951574, "s": 0.1641337386018237, "y": 0.16459627329192544, "p": 0.16724738675958187, "u": 0.1722689075630252, "d": 0.18722051694929467, "v": 0.1923941798941799, "m": 0.19381868131868132, "l": 0.19568612541490313, "h": 0.1961393252953355, "f": 0.20031575504453275, "w": 0.23376623376623376, "q": 0.28035714285714286, "g": 0.30952380952380953, "k": 0.35535714285714287, "x": 0.35619047619047617, "j": 1.0}, "c": {"c": 0, "n": 0.008695652173913044, "t": 0.009259259259259259, "i": 0.011764705882352941, "r": 0.011904761904761904, "e": 0.012658227848101266, "o": 0.012658227848101266, "a": 0.013333333333333334, "s": 0.025925925925925925, "u": 0.03125, "y": 0.03225806451612903, "p": 0.033649503161698284, "d": 0.04033613445378151, "l": 0.048801742919389976, "v": 0.0496952648851383, "m": 0.05111976630963973, "h": 0.052737520128824475, "f": 0.053431372549019605, "w": 0.10281385281385282, "q": 0.13765822784810128, "b": 0.15476190476190477, "g": 0.17857142857142855, "x": 0.20869565217391306, "k": 0.2126582278481013, "j": 1.0}, "d": {"d": 0, "i": 0.02857142857142857, "e": 0.03225806451612903, "n": 0.034419381787802836, "t": 0.03455945252352438, "a": 0.03676814988290398, "o": 0.03828016643550624, "c": 0.04033613445378151, "r": 0.04436337409215183, "s": 0.051226119190191044, "y": 0.058949696425963406, "p": 0.058949696425963406, "u": 0.06256109481915934, "l": 0.0656084656084656, "v": 0.06929510155316607, "f": 0.07023809523809524, "m": 0.0707196029776675, "h": 0.0780377133930896, "w": 0.13527246500124274, "q": 0.15725806451612903, "b": 0.18722051694929467, "g": 0.1989247311827957, "k": 0.23225806451612904, "x": 0.23441938178780286, "j": 1.032258064516129}, "e": {"e": 0, "i": 0.009009009009009009, "t": 0.009174311926605505, "n": 0.010309278350515464, "r": 0.0125, "c": 0.012658227848101266, "a": 0.014824029440729799, "o": 0.01639344262295082, "s": 0.0196078431372549, "u": 0.030303030303030304, "d": 0.03225806451612903, "y": 0.03356455582904453, "p": 0.03356455582904453, "v": 0.037037037037037035, "m": 0.038461538461538464, "l": 0.04604604604604604, "f": 0.05067567567567567, "h": 0.05265257279617072, "w": 0.10340909090909091, "q": 0.125, "b": 0.15535714285714286, "g": 0.16666666666666666, "k": 0.2, "x": 0.21030927835051547, "j": 1.0}, "f": {"f": 0, "i": 0.041666666666666664, "n": 0.04751461988304093, "t": 0.04765469061876247, "a": 0.049863387978142076, "e": 0.05067567567567567, "o": 0.05137540453074434, "c": 0.053431372549019605, "r": 0.05745861218738992, "s": 0.06432135728542913, "d": 0.07023809523809524, "y": 0.0720449345212015, "p": 0.0720449345212015, "l": 0.07870370370370369, "u": 0.07890469061876247, "v": 0.0877127127127127, "m": 0.08913721413721414, "h": 0.09113295148832769, "w": 0.14836770309648084, "q": 0.17567567567567566, "b": 0.20031575504453278, "g": 0.21734234234234234, "x": 0.24751461988304094, "k": 0.25067567567567567, "j": 1.0476546906187625}, "g": {"g": 0, "r": 0.16666666666666666, "e": 0.16666666666666666, "i": 0.17567567567567566, "t": 0.17584097859327216, "n": 0.1769759450171821, "c": 0.17857142857142855, "a": 0.17886178861788618, "o": 0.18306010928961747, "s": 0.18627450980392157, "y": 0.18840579710144928, "p": 0.19105691056910568, "u": 0.19607843137254902, "d": 0.1989247311827957, "v": 0.2037037037037037, "m": 0.20512820512820512, "l": 0.2127127127127127, "f": 0.21734234234234232, "h": 0.21931923946283738, "w": 0.25757575757575757, "q": 0.29166666666666663, "b": 0.30952380952380953, "k": 0.3666666666666667, "x": 0.3769759450171821, "j": 1.1666666666666667}, "h": {"h": 0, "t": 0.043478260869565216, "a": 0.045454545454545456, "n": 0.04845338524767467, "i": 0.04946628482166102, "e": 0.05265257279617072, "o": 0.05265257279617072, "c": 0.052737520128824475, "r": 0.05328218243819267, "s": 0.06014492753623188, "p": 0.06767676767676768, "y": 0.06786850477200423, "u": 0.07472826086956522, "d": 0.0780377133930896, "l": 0.08650332185869805, "m": 0.08893280632411067, "v": 0.08968960983320776, "f": 0.09113295148832769, "w": 0.14419127334728357, "q": 0.17765257279617072, "b": 0.1961393252953355, "g": 0.21931923946283738, "x": 0.24845338524767469, "k": 0.2526525727961707, "j": 1.0434782608695652}, "i": {"i": 0, "n": 0.005847953216374269, "t": 0.005988023952095809, "a": 0.00819672131147541, "e": 0.009009009009009009, "o": 0.009708737864077669, "c": 0.011764705882352941, "r": 0.015791945520723258, "s": 0.022654690618762477, "d": 0.02857142857142857, "y": 0.030378267854534832, "p": 0.030378267854534832, "l": 0.037037037037037035, "u": 0.03723802395209581, "f": 0.041666666666666664, "v": 0.04604604604604604, "m": 0.04747054747054747, "h": 0.04946628482166102, "w": 0.10670103642981417, "q": 0.134009009009009, "b": 0.15864908837786612, "g": 0.17567567567567566, "x": 0.20584795321637428, "k": 0.209009009009009, "j": 1.0059880239520957}, "j": {"j": 0, "o": 1.0, "b": 1.0, "e": 1.0, "c": 1.0, "t": 1.0, "n": 1.0049751243781095, "a": 1.0056497175141244, "i": 1.0059880239520957, "r": 1.0098039215686274, "s": 1.0166666666666666, "y": 1.024390243902439, "p": 1.024390243902439, "u": 1.0303030303030303, "d": 1.032258064516129, "v": 1.037037037037037, "m": 1.0384615384615385, "l": 1.0430250609891327, "h": 1.0434782608695652, "f": 1.0476546906187625, "w": 1.1007130124777182, "q": 1.125, "g": 1.1666666666666667, "k": 1.2, "x": 1.2049751243781095}, "k": {"k": 0, "e": 0.2, "i": 0.209009009009009, "t": 0.20917431192660552, "n": 0.21030927835051547, "r": 0.21250000000000002, "c": 0.2126582278481013, "a": 0.2148240294407298, "o": 0.21639344262295082, "s": 0.2196078431372549, "u": 0.23030303030303031, "d": 0.23225806451612904, "y": 0.23356455582904453, "p": 0.23356455582904453, "v": 0.23703703703703705, "m": 0.23846153846153847, "l": 0.24604604604604605, "w": 0.25, "f": 0.25067567567567567, "h": 0.2526525727961707, "q": 0.325, "b": 0.35535714285714287, "g": 0.3666666666666667, "x": 0.41030927835051545, "j": 1.2}, "l": {"l": 0, "i": 0.037037037037037035, "n": 0.042884990253411304, "t": 0.04302506098913284, "a": 0.04523375834851245, "e": 0.04604604604604604, "o": 0.0467457749011147, "c": 0.048801742919389976, "r": 0.05282898255776029, "s": 0.05969172765579951, "d": 0.0656084656084656, "y": 0.06741530489157187, "p": 0.06741530489157187, "u": 0.07427506098913284, "f": 0.07870370370370369, "v": 0.08308308308308307, "m": 0.0845075845075845, "h": 0.08650332185869805, "w": 0.1437380734668512, "q": 0.17104604604604604, "b": 0.19568612541490316, "g": 0.2127127127127127, "x": 0.24288499025341131, "k": 0.24604604604604605, "j": 1.043025060989133}, "m": {"m": 0, "e": 0.038461538461538464, "n": 0.045454545454545456, "t": 0.045454545454545456, "i": 0.04747054747054747, "a": 0.047619047619047616, "r": 0.05096153846153846, "c": 0.05111976630963973, "o": 0.05332856120257695, "s": 0.058069381598793365, "u": 0.06876456876456877, "p": 0.06984126984126984, "y": 0.06984478935698449, "d": 0.0707196029776675, "v": 0.0754985754985755, "l": 0.0845075845075845, "h": 0.08893280632411067, "f": 0.08913721413721414, "w": 0.1418706293706294, "q": 0.16346153846153846, "b": 0.1938186813186813, "g": 0.20512820512820512,