{"degree_centrality": {"cooccurrence": {"a": 0.8333333333333333, "b": 0.4583333333333333, "c": 0.8333333333333333, "d": 0.6666666666666666, "e": 0.9583333333333333, "f": 0.625, "g": 0.5833333333333333, "h": 0.125, "i": 0.875, "k": 0.5416666666666666, "l": 0.7083333333333333, "m": 0.625, "n": 0.9583333333333333, "o": 1.0, "p": 0.75, "q": 0.5, "r": 0.875, "s": 0.7083333333333333, "t": 0.9583333333333333, "u": 0.875, "v": 0.5416666666666666, "w": 0.25, "x": 0.20833333333333331, "y": 0.7083333333333333, "z": 0.25}}, "betweenness_centrality": {"cooccurrence": {"a": 0.008756038647342996, "b": 0.05301932367149758, "c": 0.011171497584541064, "d": 0.0, "e": 0.01509661835748792, "f": 0.008091787439613527, "g": 0.14728692201518287, "h": 0.0, "i": 0.0, "k": 0.04998274672187716, "l": 0.01126207729468599, "m": 0.09320652173913044, "n": 0.06666666666666667, "o": 0.16869392684610077, "p": 0.06724896480331262, "q": 0.17286490683229816, "r": 0.0, "s": 0.0, "t": 0.0491632160110421, "u": 0.02908471359558316, "v": 0.08746980676328502, "w": 0.14067460317460317, "x": 0.04631642512077295, "y": 0.0036231884057971015, "z": 0.05211783988957901}}, "closeness_centrality": {"cooccurrence": {"a": 0.34285714285714286, "b": 0.3870967741935484, "c": 0.34782608695652173, "d": 0.32432432432432434, "e": 0.34285714285714286, "f": 0.3287671232876712, "g": 0.41379310344827586, "h": 0.2823529411764706, "i": 0.27586206896551724, "k": 0.39344262295081966, "l": 0.38095238095238093, "m": 0.41379310344827586, "n": 0.4067796610169492, "o": 0.47058823529411764, "p": 0.36363636363636365, "q": 0.4444444444444444, "r": 0.32, "s": 0.2553191489361702, "t": 0.39344262295081966, "u": 0.3582089552238806, "v": 0.38095238095238093, "w": 0.42105263157894735, "x": 0.38095238095238093, "y": 0.3380281690140845, "z": 0.39344262295081966}}}