{"all_pairs_dijkstra": {"inv_cooccurrence": {"a": {"a": 0, "t": 0.027777777777777776, "e": 0.02857142857142857, "r": 0.029411764705882353, "n": 0.030303030303030304, "i": 0.030303030303030304, "o": 0.046753246753246755, "c": 0.0512987012987013, "s": 0.05182724252491694, "p": 0.05263157894736842, "u": 0.06349206349206349, "d": 0.0656084656084656, "m": 0.09523809523809523, "v": 0.09523809523809523, "y": 0.10173160173160173, "l": 0.1111111111111111, "f": 0.1414141414141414, "b": 0.15182724252491694, "g": 0.17142857142857143, "k": 0.2277777777777778, "q": 0.36363636363636365, "z": 0.36363636363636365, "x": 0.5277777777777778, "h": 0.5285714285714286, "w": 1.0277777777777777}, "b": {"b": 0, "s": 0.1, "e": 0.12325581395348838, "r": 0.125, "t": 0.13333333333333333, "n": 0.13333333333333333, "i": 0.14143763213530655, "o": 0.14143763213530655, "u": 0.14166666666666666, "c": 0.1459830866807611, "a": 0.15182724252491694, "p": 0.1545058139534884, "d": 0.16029285099052543, "m": 0.18992248062015504, "v": 0.18992248062015504, "y": 0.21025641025641026, "l": 0.22325581395348837, "f": 0.2482558139534884, "g": 0.26611295681063124, "k": 0.30000000000000004, "q": 0.4666666666666667, "z": 0.47477096546863984, "h": 0.6232558139534884, "x": 0.6333333333333333, "w": 1.1232558139534883}, "c": {"c": 0, "e": 0.022727272727272728, "r": 0.02702702702702703, "o": 0.027777777777777776, "n": 0.03554778554778555, "t": 0.0374331550802139, "i": 0.04090909090909091, "s": 0.0459830866807611, "u": 0.05, "a": 0.0512987012987013, "p": 0.05397727272727273, "d": 0.05976430976430976, "m": 0.08333333333333333, "v": 0.08939393939393939, "y": 0.11233766233766233, "l": 0.12272727272727274, "b": 0.1459830866807611, "f": 0.14772727272727273, "g": 0.16558441558441558, "k": 0.2374331550802139, "q": 0.36888111888111885, "z": 0.3742424242424242, "h": 0.5227272727272727, "x": 0.5374331550802139, "w": 1.0227272727272727}, "d": {"d": 0, "e": 0.037037037037037035, "r": 0.0474537037037037, "n": 0.04985754985754985, "i": 0.05, "t": 0.051742919389978215, "o": 0.055218855218855216, "c": 0.05976430976430976, "s": 0.06029285099052541, "a": 0.0656084656084656, "p": 0.06828703703703703, "u": 0.08249158249158249, "m": 0.1037037037037037, "v": 0.1037037037037037, "y": 0.12142857142857143, "l": 0.13703703703703704, "b": 0.16029285099052543, "f": 0.1611111111111111, "g": 0.17989417989417988, "k": 0.2517429193899782, "q": 0.3831908831908832, "z": 0.3833333333333333, "h": 0.537037037037037, "x": 0.5517429193899782, "w": 1.037037037037037}, "e": {"e": 0, "r": 0.010416666666666666, "n": 0.01282051282051282, "t": 0.014705882352941176, "i": 0.01818181818181818, "o": 0.01818181818181818, "c": 0.022727272727272728, "s": 0.023255813953488372, "a": 0.02857142857142857, "p": 0.03125, "d": 0.037037037037037035, "u": 0.045454545454545456, "m": 0.06666666666666667, "v": 0.06666666666666667, "y": 0.08961038961038961, "l": 0.1, "b": 0.12325581395348838, "f": 0.125, "g": 0.14285714285714285, "k": 0.2147058823529412, "q": 0.34615384615384615, "z": 0.3515151515151515, "h": 0.5, "x": 0.5147058823529411, "w": 1.0}, "f": {"f": 0, "i": 0.1111111111111111, "e": 0.125, "t": 0.12519561815336464, "n": 0.12777777777777777, "r": 0.13541666666666666, "a": 0.1414141414141414, "o": 0.1431818181818182, "c": 0.14772727272727273, "s": 0.14825581395348836, "u": 0.15458937198067632, "p": 0.15625, "d": 0.1611111111111111, "y": 0.18253968253968253, "m": 0.19166666666666665, "v": 0.19166666666666665, "l": 0.2111111111111111, "b": 0.24825581395348836, "g": 0.26785714285714285, "k": 0.3251956181533646, "z": 0.4444444444444444, "q": 0.4611111111111111, "h": 0.625, "x": 0.6251956181533647, "w": 1.125}, "g": {"g": 0, "e": 0.14285714285714285, "r": 0.1532738095238095, "n": 0.15567765567765568, "t": 0.15756302521008403, "i": 0.16103896103896104, "o": 0.16103896103896104, "c": 0.16558441558441558, "s": 0.1661129568106312, "a": 0.17142857142857143, "p": 0.17410714285714285, "d": 0.17989417989417988, "u": 0.18831168831168832, "m": 0.2095238095238095, "v": 0.2095238095238095, "y": 0.23246753246753246, "l": 0.24285714285714285, "b": 0.2661129568106312, "f": 0.26785714285714285, "k": 0.35756302521008404, "q": 0.489010989010989, "z": 0.49437229437229435, "h": 0.6428571428571428, "x": 0.657563025210084, "w": 1.1428571428571428}, "h": {"h": 0, "o": 0.5, "m": 0.5, "e": 0.5, "r": 0.5104166666666666, "n": 0.5128205128205128, "t": 0.5147058823529411, "i": 0.5181818181818182, "c": 0.5227272727272727, "s": 0.5232558139534884, "a": 0.5285714285714286, "p": 0.53125, "d": 0.537037037037037, "u": 0.5454545454545454, "v": 0.5666666666666667, "y": 0.5896103896103896, "l": 0.6, "b": 0.6232558139534884, "f": 0.625, "g": 0.6428571428571428, "k": 0.7147058823529411, "q": 0.846153846153846, "z": 0.8515151515151516, "x": 1.0147058823529411, "w": 1.5}, "i": {"i": 0, "t": 0.014084507042253521, "n": 0.016666666666666666, "e": 0.01818181818181818, "r": 0.028598484848484845, "a": 0.030303030303030304, "o": 0.03636363636363636, "c": 0.04090909090909091, "s": 0.04143763213530655, "u": 0.043478260869565216, "p": 0.04943181818181818, "d": 0.05, "y": 0.07142857142857142, "m": 0.08484848484848484, "v": 0.08484848484848484, "l": 0.1, "f": 0.1111111111111111, "b": 0.14143763213530655, "g": 0.16103896103896104, "k": 0.21408450704225354, "z": 0.3333333333333333, "q": 0.35, "x": 0.5140845070422535, "h": 0.5181818181818182, "w": 1.0140845070422535}, "k": {"k": 0, "t": 0.2, "s": 0.2, "i": 0.21408450704225354, "n": 0.21449275362318843, "e": 0.2147058823529412, "r": 0.22272727272727275, "o": 0.22325581395348837, "a": 0.2277777777777778, "u": 0.2357142857142857, "c": 0.23743315508021393, "p": 0.24166666666666667, "d": 0.2517429193899782, "y": 0.27692307692307694, "m": 0.27692307692307694, "v": 0.28137254901960784, "b": 0.30000000000000004, "l": 0.31408450704225355, "f": 0.3251956181533646, "g": 0.35756302521008404, "z": 0.5474178403755868, "q": 0.5478260869565217, "x": 0.7, "h": 0.7147058823529412, "w": 1.0}, "l": {"l": 0, "p": 0.09090909090909091, "e": 0.1, "i": 0.1, "r": 0.11041666666666668, "a": 0.1111111111111111, "n": 0.11282051282051282, "t": 0.11408450704225352, "o": 0.1181818181818182, "c": 0.12272727272727274, "s": 0.12325581395348838, "u": 0.125, "d": 0.13703703703703704, "y": 0.14285714285714285, "m": 0.16666666666666669, "v": 0.16666666666666669, "f": 0.2111111111111111, "b": 0.22325581395348837, "g": 0.24285714285714285, "k": 0.31408450704225355, "z": 0.43333333333333335, "q": 0.4461538461538461, "h": 0.6, "x": 0.6140845070422535, "w": 1.1}, "m": {"m": 0, "e": 0.06666666666666667, "o": 0.06666666666666667, "t": 0.07692307692307693, "r": 0.07708333333333334, "n": 0.07948717948717948, "c": 0.08333333333333333, "i": 0.08484848484848484, "s": 0.08992248062015504, "u": 0.09090909090909091, "a": 0.09523809523809523, "p": 0.09791666666666667, "d": 0.1037037037037037, "v": 0.13333333333333333, "y": 0.15384615384615385, "l": 0.16666666666666669, "b": 0.18992248062015504, "f": 0.19166666666666665, "g": 0.2095238095238095, "k": 0.27692307692307694, "q": 0.4128205128205128, "z": 0.41818181818181815, "h": 0.5, "x": 0.5769230769230769, "w": 1.0666666666666667}, "n": {"n": 0, "e": 0.01282051282051282, "t": 0.014492753623188406, "i": 0.016666666666666666, "o": 0.020833333333333332, "r": 0.023237179487179488, "a": 0.030303030303030304, "s": 0.03333333333333333, "c": 0.03554778554778555, "p": 0.04407051282051282, "u": 0.047619047619047616, "d": 0.04985754985754985, "m": 0.07948717948717948, "v": 0.07948717948717948, "y": 0.08809523809523809, "l": 0.11282051282051282, "f": 0.12777777777777777, "b": 0.13333333333333333, "g": 0.15567765567765568, "k": 0.21449275362318843, "q": 0.3333333333333333, "z": 0.35, "h": 0.5128205128205128, "x": 0.5144927536231884, "w": 1.0}, "o": {"o": 0, "e": 0.01818181818181818, "r": 0.02040816326530612, "n": 0.020833333333333332, "t": 0.023255813953488372, "c": 0.027777777777777776, "i": 0.03636363636363636, "s": 0.04143763213530655, "a": 0.046753246753246755, "p": 0.04943181818181818,