{"degree_centrality": {"cooccurrence": {"a": 0.7647058823529411, "c": 0.6470588235294118, "d": 0.5294117647058824, "e": 1.0, "f": 0.4117647058823529, "g": 0.47058823529411764, "h": 0.5294117647058824, "i": 0.8823529411764706, "k": 0.5294117647058824, "m": 0.29411764705882354, "n": 0.9411764705882353, "o": 0.5882352941176471, "r": 0.8235294117647058, "s": 0.5882352941176471, "t": 1.0, "u": 0.6470588235294118, "w": 0.47058823529411764, "y": 0.5294117647058824}}, "betweenness_centrality": {"cooccurrence": {"a": 0.06503851540616246, "c": 0.16438200280112045, "d": 0.049054621848739495, "e": 0.04051120448179272, "f": 0.02629551820728291, "g": 0.23182773109243696, "h": 0.017436974789915967, "i": 0.0438813025210084, "k": 0.006372549019607842, "m": 0.0, "n": 0.03260679271708683, "o": 0.02262780112044818, "r": 0.08000700280112046, "s": 0.044502801120448174, "t": 0.029411764705882353, "u": 0.04605217086834734, "w": 0.0, "y": 0.005961134453781511}}, "closeness_centrality": {"cooccurrence": {"a": 0.5483870967741935, "c": 0.5862068965517241, "d": 0.53125, "e": 0.5151515151515151, "f": 0.5, "g": 0.5666666666666667, "h": 0.5151515151515151, "i": 0.4857142857142857, "k": 0.4146341463414634, "m": 0.3148148148148148, "n": 0.5, "o": 0.5, "r": 0.5862068965517241, "s": 0.4722222222222222, "t": 0.425, "u": 0.5666666666666667, "w": 0.3953488372093023, "y": 0.4722222222222222}}}