{"all_pairs_dijkstra": {"inv_cooccurrence": {"a": {"a": 0, "t": 0.010309278350515464, "n": 0.010526315789473684, "i": 0.012987012987012988, "r": 0.014705882352941176, "e": 0.015873015873015872, "o": 0.016666666666666666, "c": 0.018867924528301886, "s": 0.025451688923802042, "l": 0.030530872636135794, "p": 0.034482758620689655, "d": 0.039128829826504244, "v": 0.0429000429000429, "m": 0.043642611683848795, "u": 0.04479203697120512, "y": 0.05378753922008068, "f": 0.05587301587301587, "h": 0.05935127674258109, "g": 0.05935127674258109, "k": 0.0693498452012384, "b": 0.1111111111111111, "w": 0.15756302521008403, "q": 0.18253968253968253}, "b": {"b": 0, "a": 0.1111111111111111, "t": 0.12142038946162657, "n": 0.1216374269005848, "i": 0.1240981240981241, "r": 0.12581699346405228, "e": 0.12698412698412698, "o": 0.12777777777777777, "c": 0.129979035639413, "s": 0.13656280003491314, "l": 0.1416419837472469, "p": 0.14559386973180077, "d": 0.15023994093761533, "v": 0.154011154011154, "m": 0.1547537227949599, "u": 0.15590314808231623, "y": 0.16489865033119178, "f": 0.16698412698412698, "h": 0.1704623878536922, "g": 0.1704623878536922, "k": 0.18046095631234949, "w": 0.26867413632119513, "q": 0.2936507936507936}, "c": {"c": 0, "e": 0.012345679012345678, "t": 0.01282051282051282, "i": 0.012987012987012988, "o": 0.015625, "r": 0.015873015873015872, "n": 0.017543859649122806, "a": 0.018867924528301886, "s": 0.026631393298059962, "l": 0.027730294396961064, "p": 0.03234567901234568, "d": 0.03560149296583405, "v": 0.03937270603937271, "u": 0.04, "m": 0.04175744371822803, "f": 0.05234567901234568, "h": 0.055823939881910895, "g": 0.055823939881910895, "y": 0.05629877369007803, "k": 0.07532051282051282, "b": 0.129979035639413, "w": 0.15520282186948853, "q": 0.17901234567901234}, "d": {"d": 0, "e": 0.023255813953488372, "r": 0.029625240705080727, "n": 0.031192321889996308, "t": 0.031659175298026185, "i": 0.032027743778049775, "c": 0.03560149296583405, "o": 0.037037037037037035, "s": 0.037541528239202655, "l": 0.03864042933810376, "a": 0.039128829826504244, "p": 0.043255813953488376, "v": 0.0502828409805154, "m": 0.052667578659370724, "u": 0.06325581395348837, "f": 0.06325581395348837, "h": 0.06673407482305359, "g": 0.06673407482305359, "y": 0.07325581395348837, "k": 0.09001585130176101, "b": 0.15023994093761533, "w": 0.1661129568106312, "q": 0.18992248062015504}, "e": {"e": 0, "r": 0.006369426751592357, "n": 0.007936507936507936, "t": 0.008403361344537815, "i": 0.008771929824561403, "c": 0.012345679012345678, "s": 0.014285714285714285, "l": 0.015384615384615385, "o": 0.015384615384615385, "a": 0.015873015873015872, "p": 0.02, "d": 0.023255813953488372, "v": 0.02702702702702703, "m": 0.029411764705882353, "u": 0.04, "f": 0.04, "h": 0.043478260869565216, "g": 0.043478260869565216, "y": 0.05, "k": 0.06676003734827264, "b": 0.12698412698412698, "w": 0.14285714285714285, "q": 0.16666666666666666}, "f": {"f": 0, "e": 0.04, "r": 0.046369426751592356, "n": 0.04793650793650794, "t": 0.048403361344537814, "i": 0.048771929824561404, "c": 0.05234567901234568, "s": 0.054285714285714284, "l": 0.055384615384615386, "o": 0.055384615384615386, "a": 0.05587301587301587, "p": 0.06, "d": 0.06325581395348837, "v": 0.06702702702702704, "m": 0.06941176470588235, "u": 0.08, "h": 0.08347826086956522, "g": 0.08347826086956522, "y": 0.09, "k": 0.10676003734827264, "b": 0.16698412698412698, "w": 0.18285714285714286, "q": 0.20666666666666667}, "g": {"g": 0, "e": 0.043478260869565216, "r": 0.04984768762115757, "n": 0.05141476880607315, "t": 0.05188162221410303, "i": 0.05225019069412662, "c": 0.055823939881910895, "s": 0.0577639751552795, "l": 0.0588628762541806, "o": 0.0588628762541806, "a": 0.05935127674258109, "p": 0.06347826086956522, "d": 0.06673407482305359, "v": 0.07050528789659224, "m": 0.07289002557544758, "u": 0.08347826086956522, "f": 0.08347826086956522, "h": 0.08695652173913043, "y": 0.09347826086956522, "k": 0.11023829821783786, "b": 0.1704623878536922, "w": 0.18633540372670807, "q": 0.21014492753623187}, "h": {"h": 0, "e": 0.043478260869565216, "r": 0.04984768762115757, "n": 0.05141476880607315, "t": 0.05188162221410303, "i": 0.05225019069412662, "c": 0.055823939881910895, "s": 0.0577639751552795, "l": 0.0588628762541806, "o": 0.0588628762541806, "a": 0.05935127674258109, "p": 0.06347826086956522, "d": 0.06673407482305359, "v": 0.07050528789659224, "m": 0.07289002557544758, "u": 0.08347826086956522, "f": 0.08347826086956522, "g": 0.08695652173913043, "y": 0.09347826086956522, "k": 0.11023829821783786, "b": 0.1704623878536922, "w": 0.18633540372670807, "q": 0.21014492753623187}, "i": {"i": 0, "e": 0.008771929824561403, "n": 0.009009009009009009, "t": 0.009174311926605505, "r": 0.012658227848101266, "a": 0.012987012987012988, "c": 0.012987012987012988, "o": 0.0136986301369863, "l": 0.017543859649122806, "s": 0.023057644110275687, "p": 0.028771929824561403, "d": 0.032027743778049775, "v": 0.03579895685158843, "m": 0.038183694530443756, "u": 0.04365707054729516, "f": 0.048771929824561404, "h": 0.05225019069412662, "g": 0.05225019069412662, "y": 0.05265257279617072, "k": 0.06666666666666667, "b": 0.1240981240981241, "w": 0.15162907268170425, "q": 0.17543859649122806}, "k": {"k": 0, "n": 0.058823529411764705, "l": 0.0625, "t": 0.0625, "i": 0.06666666666666667, "e": 0.06676003734827264, "o": 0.06913280776228017, "a": 0.0693498452012384, "r": 0.0704514363885089, "s": 0.07374890254609306, "c": 0.07532051282051282, "p": 0.08676003734827265, "d": 0.09001585130176101, "v": 0.09378706437529967, "m": 0.09583333333333333, "u": 0.09698275862068965, "y": 0.10597826086956522, "f": 0.10676003734827264, "h": 0.11023829821783786, "g": 0.11023829821783786, "b": 0.18046095631234949, "w": 0.20961718020541548, "q": 0.2334267040149393}, "l": {"l": 0, "e": 0.015384615384615385, "i": 0.017543859649122806, "r": 0.02175404213620774, "n": 0.02332112332112332, "t": 0.0237879767291532, "c": 0.027730294396961064, "s": 0.02967032967032967, "a": 0.030530872636135794, "o": 0.03076923076923077, "p": 0.03538461538461539, "d": 0.03864042933810376, "v": 0.042411642411642414, "m": 0.04479638009049774, "u": 0.055384615384615386, "f": 0.055384615384615386, "h": 0.0588628762541806, "g": 0.0588628762541806, "k": 0.0625, "y": 0.06538461538461539, "b": 0.1416419837472469, "w": 0.15824175824175823, "q": 0.18205128205128204}, "m": {"m": 0, "e": 0.029411764705882353, "o": 0.03333333333333333, "t": 0.03333333333333333, "r": 0.03578119145747471, "n": 0.03734827264239029, "i": 0.038183694530443756, "c": 0.04175744371822803, "a": 0.043642611683848795, "s": 0.043697478991596636, "l": 0.04479638009049774, "p": 0.04941176470588235, "d": 0.052667578659370724, "v": 0.05643879173290938, "u": 0.06666666666666667, "f": 0.06941176470588235, "h": 0.07289002557544758, "g": 0.07289002557544758, "y": 0.07681159420289854, "k": 0.09583333333333333, "b": 0.1547537227949599, "w": 0.1722689075630252, "q": 0.19607843137254902}, "n": {"n": 0, "e": 0.007936507936507936, "t": 0.008849557522123894, "i": 0.009009009009009009, "o": 0.010309278350515464, "a": 0.010526315789473684, "r": 0.011627906976744186, "s": 0.014925373134328358, "c": 0.017543859649122806, "l": 0.02332112332112332, "p": 0.027936507936507936, "d": 0.031192321889996308, "v": 0.034963534963534965, "m": 0.03734827264239029, "u": 0.04333231614281355, "f": 0.04793650793650794, "h": 0.05141476880607315, "g": 0.05141476880607315, "y": 0.05232781839168911, "k": 0.058823529411764705, "b": 0.1216374269005848, "w": 0.15079365079365079, "q": 0.1746031746031746}, "o": {"o": 0, "n": 0.010309278350515464, "t": 0.012658227848101266, "r": 0.012658227848101266, "i": 0.0136986301369863, "s": 0.014084507042253521, "e": 0.015384615384615385, "c": 0.015625, "a": 0.016666666666666666, "p": 0.029411764705882353, "l": 0.03076923076923077, "m": 0.03333333333333333, "d": 0.037037037037037035, "v": 0.042411642411642414, "u": 0.04714098646879092, "f": 0.055384615384615386, "y": 0.05613648871766648, "h": 0.0588628762541806,