{"degree_centrality": {"cooccurrence": {"a": 0.8500000000000001, "c": 0.8, "d": 0.5, "e": 0.9500000000000001, "f": 0.65, "g": 0.30000000000000004, "h": 0.45, "i": 1.0, "l": 0.65, "m": 0.35000000000000003, "n": 0.9500000000000001, "o": 0.8500000000000001, "p": 0.7000000000000001, "r": 0.9, "s": 0.8, "t": 0.8500000000000001, "u": 0.7000000000000001, "v": 0.45, "w": 0.4, "x": 0.30000000000000004, "y": 0.6000000000000001}}, "betweenness_centrality": {"cooccurrence": {"a": 0.058822055137844616, "c": 0.08700918964076859, "d": 0.15447994987468674, "e": 0.06498329156223893, "f": 0.12023809523809526, "g": 0.0, "h": 0.0014619883040935674, "i": 0.02729323308270677, "l": 0.05412280701754386, "m": 0.0, "n": 0.05034670008354219, "o": 0.02295739348370927, "p": 0.012280701754385963, "r": 0.015363408521303258, "s": 0.046860902255639096, "t": 0.03764619883040935, "u": 0.016973684210526314, "v": 0.25911027568922307, "w": 0.0014619883040935674, "x": 0.08406641604010023, "y": 0.021052631578947368}}, "closeness_centrality": {"cooccurrence": {"a": 0.4166666666666667, "c": 0.4444444444444444, "d": 0.45454545454545453, "e": 0.4444444444444444, "f": 0.45454545454545453, "g": 0.28169014084507044, "h": 0.3333333333333333, "i": 0.37735849056603776, "l": 0.4166666666666667, "m": 0.17391304347826086, "n": 0.45454545454545453, "o": 0.4, "p": 0.3508771929824561, "r": 0.37735849056603776, "s": 0.425531914893617, "t": 0.38461538461538464, "u": 0.32786885245901637, "v": 0.5, "w": 0.32786885245901637, "x": 0.43478260869565216, "y": 0.37037037037037035}}}