{"all_pairs_dijkstra": {"inv_cooccurrence": {"a": {"a": 0, "i": 0.06666666666666667, "t": 0.1, "l": 0.1, "r": 0.1111111111111111, "n": 0.11212121212121212, "c": 0.11666666666666667, "e": 0.12222222222222222, "o": 0.125, "u": 0.14285714285714285, "y": 0.16666666666666669, "f": 0.19166666666666665, "m": 0.19166666666666665, "p": 0.2, "s": 0.2222222222222222, "g": 0.31666666666666665, "v": 0.39999999999999997, "d": 0.4444444444444444, "x": 0.45555555555555555, "h": 0.4722222222222222, "w": 0.5666666666666667}, "c": {"c": 0, "i": 0.05, "t": 0.06666666666666667, "n": 0.08333333333333333, "o": 0.08333333333333333, "e": 0.1, "r": 0.10263157894736842, "u": 0.1111111111111111, "a": 0.11666666666666667, "m": 0.125, "l": 0.13333333333333333, "y": 0.15000000000000002, "f": 0.175, "p": 0.19285714285714284, "s": 0.2, "g": 0.3, "v": 0.3833333333333333, "d": 0.41666666666666663, "x": 0.43333333333333335, "h": 0.45, "w": 0.55}, "d": {"d": 0, "o": 0.3333333333333333, "r": 0.3333333333333333, "t": 0.38095238095238093, "i": 0.38596491228070173, "n": 0.40476190476190477, "u": 0.40476190476190477, "c": 0.41666666666666663, "e": 0.41666666666666663, "l": 0.4242424242424242, "a": 0.4444444444444444, "s": 0.4444444444444444, "m": 0.4583333333333333, "y": 0.4583333333333333, "p": 0.4583333333333333, "f": 0.5109649122807017, "g": 0.6309523809523809, "h": 0.6944444444444444, "v": 0.7192982456140351, "x": 0.75, "w": 0.8333333333333333}, "e": {"e": 0, "i": 0.05555555555555555, "t": 0.06666666666666667, "r": 0.08333333333333333, "c": 0.1, "n": 0.10101010101010101, "s": 0.1111111111111111, "o": 0.11437908496732026, "a": 0.12222222222222222, "u": 0.12916666666666665, "l": 0.1388888888888889, "y": 0.15555555555555556, "f": 0.18055555555555555, "m": 0.18055555555555555, "p": 0.1984126984126984, "g": 0.3055555555555556, "x": 0.3333333333333333, "h": 0.3611111111111111, "v": 0.38888888888888884, "d": 0.41666666666666663, "w": 0.5}, "f": {"f": 0, "i": 0.125, "t": 0.15948275862068967, "n": 0.17045454545454547, "c": 0.175, "r": 0.17763157894736842, "e": 0.18055555555555555, "o": 0.18382352941176472, "a": 0.19166666666666665, "l": 0.20833333333333331, "u": 0.2159090909090909, "y": 0.225, "m": 0.25, "p": 0.26785714285714285, "s": 0.2887426900584795, "g": 0.375, "v": 0.4583333333333333, "d": 0.5109649122807017, "x": 0.5138888888888888, "h": 0.5387426900584795, "w": 0.625}, "g": {"g": 0, "i": 0.25, "t": 0.25, "n": 0.29545454545454547, "r": 0.2976190476190476, "c": 0.3, "e": 0.3055555555555556, "o": 0.3088235294117647, "u": 0.3125, "a": 0.31666666666666665, "l": 0.3333333333333333, "y": 0.35, "f": 0.375, "m": 0.375, "p": 0.39285714285714285, "s": 0.4087301587301587, "v": 0.5833333333333333, "d": 0.6309523809523809, "x": 0.6388888888888888, "h": 0.6587301587301587, "w": 0.75}, "h": {"h": 0, "s": 0.25, "e": 0.3611111111111111, "r": 0.3611111111111111, "t": 0.4087301587301587, "i": 0.4137426900584795, "o": 0.41666666666666663, "u": 0.41666666666666663, "c": 0.45, "l": 0.452020202020202, "n": 0.459197235513025, "a": 0.4722222222222222, "y": 0.4861111111111111, "p": 0.4861111111111111, "w": 0.5, "f": 0.5387426900584795, "m": 0.5387426900584795, "g": 0.6587301587301587, "x": 0.6944444444444444, "d": 0.6944444444444444, "v": 0.7470760233918128}, "i": {"i": 0, "t": 0.034482758620689655, "n": 0.045454545454545456, "c": 0.05, "r": 0.05263157894736842, "e": 0.05555555555555555, "o": 0.058823529411764705, "a": 0.06666666666666667, "l": 0.08333333333333333, "u": 0.09090909090909091, "y": 0.1, "f": 0.125, "m": 0.125, "p": 0.14285714285714285, "s": 0.16374269005847952, "g": 0.25, "v": 0.3333333333333333, "d": 0.38596491228070173, "x": 0.38888888888888884, "h": 0.4137426900584795, "w": 0.5}, "l": {"l": 0, "i": 0.08333333333333333, "u": 0.09090909090909091, "r": 0.09090909090909091, "p": 0.1, "a": 0.1, "t": 0.1, "y": 0.1, "n": 0.12878787878787878, "c": 0.13333333333333333, "e": 0.1388888888888889, "o": 0.14215686274509803, "s": 0.20202020202020202, "f": 0.20833333333333331, "m": 0.20833333333333331, "g": 0.3333333333333333, "v": 0.41666666666666663, "d": 0.4242424242424242, "h": 0.452020202020202, "x": 0.4722222222222222, "w": 0.5833333333333334}, "m": {"m": 0, "c": 0.125, "o": 0.125, "n": 0.125, "i": 0.125, "t": 0.15948275862068967, "r": 0.17763157894736842, "e": 0.18055555555555555, "a": 0.19166666666666665, "l": 0.20833333333333331, "u": 0.2159090909090909, "y": 0.225, "f": 0.25, "p": 0.26785714285714285, "s": 0.2887426900584795, "g": 0.375, "d": 0.4583333333333333, "v": 0.4583333333333333, "x": 0.5138888888888888, "h": 0.5387426900584795, "w": 0.625}, "n": {"n": 0, "i": 0.045454545454545456, "o": 0.07142857142857142, "t": 0.07692307692307693, "c": 0.08333333333333333, "r": 0.09808612440191387, "e": 0.10101010101010101, "a": 0.11212121212121212, "m": 0.125, "l": 0.12878787878787878, "u": 0.13636363636363635, "y": 0.14545454545454545, "f": 0.17045454545454547, "p": 0.18831168831168832, "s": 0.209197235513025, "g": 0.29545454545454547, "v": 0.3787878787878788, "d": 0.40476190476190477, "x": 0.4343434343434343, "h": 0.459197235513025, "w": 0.5}, "o": {"o": 0, "i": 0.058823529411764705, "n": 0.07142857142857142, "c": 0.08333333333333333, "t": 0.09330628803245436, "r": 0.1111111111111111, "e": 0.11437908496732026, "a": 0.125, "m": 0.125, "l": 0.14215686274509803, "u": 0.1497326203208556, "y": 0.1588235294117647, "s": 0.16666666666666666, "f": 0.18382352941176472, "p": 0.20168067226890757, "g": 0.3088235294117647, "d": 0.3333333333333333, "v": 0.39215686274509803, "h": 0.41666666666666663, "x": 0.44771241830065356, "w": 0.5}, "p": {"p": 0, "l": 0.1, "r": 0.125, "i": 0.14285714285714285, "t": 0.17261904761904762, "n": 0.18831168831168832, "u": 0.19090909090909092, "c": 0.19285714285714284, "e": 0.1984126984126984, "a": 0.2, "y": 0.2, "o": 0.20168067226890757, "s": 0.2361111111111111, "f": 0.26785714285714285, "m": 0.26785714285714285, "g": 0.39285714285714285, "d": 0.4583333333333333, "v": 0.47619047619047616, "h": 0.4861111111111111, "w": 0.5, "x": 0.5317460317460317}, "r": {"r": 0, "t": 0.047619047619047616, "i": 0.05263157894736842, "u": 0.07142857142857142, "e": 0.08333333333333333, "l": 0.09090909090909091, "n": 0.09808612440191387, "c": 0.10263157894736842, "a": 0.1111111111111111, "o": 0.1111111111111111, "s": 0.1111111111111111, "y": 0.125, "p": 0.125, "f": 0.17763157894736842, "m": 0.17763157894736842, "g": 0.2976190476190476, "d": 0.3333333333333333, "h": 0.3611111111111111, "v": 0.38596491228070173, "x": 0.41666666666666663, "w": 0.5}, "s": {"s": 0, "e": 0.1111111111111111, "r": 0.1111111111111111, "t": 0.15873015873015872, "i": 0.16374269005847952, "o": 0.16666666666666666, "u": 0.16666666666666666, "c": 0.2, "l": 0.20202020202020202, "n": 0.209197235513025, "a": 0.2222222222222222, "y": 0.2361111111111111, "p": 0.2361111111111111, "h": 0.25, "f": 0.2887426900584795, "m": 0.2887426900584795, "g": 0.4087301587301587, "x": 0.4444444444444444, "d": 0.4444444444444444, "v": 0.49707602339181284, "w": 0.5}, "t": {"t": 0, "i": 0.034482758620689655, "r": 0.047619047619047616, "u": 0.0625, "c": 0.06666666666666667, "e": 0.06666666666666667, "n": 0.07692307692307693, "o": 0.09330628803245436, "y": 0.1, "a": 0.1, "l": 0.1, "s": 0.15873015873015872, "f": 0.15948275862068967, "m": 0.15948275862068967, "p": 0.17261904761904762, "g": 0.25, "v": 0.367816091954023, "d": 0.38095238095238093, "x": 0.39999999999999997, "h": 0.4087301587301587, "w": 0.5344827586206896}, "u": {"u": 0, "t": 0.0625, "r": 0.07142857142857142, "i": 0.09090909090909091, "l": 0.09090909090909091, "c": 0.1111111111111111, "e": 0.12916666666666665, "n": 0.13636363636363635, "a": 0.14285714285714285, "o": 0.1497326203208556, "y": 0.1625, "s": 0.16666666666666666, "p": 0.19090909090909092, "f": 0.2159090909090909, "m": 0.2159090909090909, "g": 0.3125, "d": 0.40476190476190477, "h": 0.41666666666666663, "v": 0.4242424242424242, "x": 0.46249999999999997, "w": 0.5714285714285714}, "v": {"v": 0, "i": 0.3333333333333333, "t": 0.367816091954023,