{"all_pairs_dijkstra": {"inv_cooccurrence": {"a": {"a": 0, "i": 0.02702702702702703, "t": 0.034482758620689655, "p": 0.037037037037037035, "e": 0.038461538461538464, "n": 0.038461538461538464, "o": 0.04663487016428193, "r": 0.047619047619047616, "s": 0.05846153846153847, "c": 0.058823529411764705, "u": 0.06674082313681869, "v": 0.07692307692307693, "m": 0.07846153846153847, "g": 0.08333333333333333, "l": 0.08333333333333333, "d": 0.09109311740890688, "h": 0.1, "y": 0.10591133004926108, "f": 0.13813813813813813, "k": 0.14957264957264957, "q": 0.16346153846153846, "w": 0.16346153846153846, "b": 0.28448275862068967, "x": 0.5384615384615384}, "b": {"b": 0, "t": 0.25, "e": 0.26176470588235295, "i": 0.2636986301369863, "n": 0.2640845070422535, "r": 0.26666666666666666, "o": 0.275, "s": 0.281764705882353, "u": 0.282258064516129, "a": 0.28448275862068967, "c": 0.29, "p": 0.2934782608695652, "v": 0.30022624434389145, "m": 0.30343137254901964, "d": 0.3143962848297214, "y": 0.3214285714285714, "l": 0.3261986301369863, "g": 0.33036529680365295, "f": 0.3748097412480974, "k": 0.3751956181533646, "h": 0.3844827586206897, "q": 0.38676470588235295, "w": 0.3890845070422535, "x": 0.7617647058823529}, "c": {"c": 0, "e": 0.03125, "i": 0.038461538461538464, "r": 0.04, "t": 0.04, "n": 0.04375, "s": 0.051250000000000004, "o": 0.05505952380952381, "a": 0.058823529411764705, "u": 0.058823529411764705, "v": 0.06971153846153846, "m": 0.07291666666666666, "p": 0.0754985754985755, "d": 0.08388157894736842, "l": 0.10096153846153846, "g": 0.10512820512820513, "y": 0.11142857142857143, "f": 0.14957264957264957, "k": 0.15486111111111112, "q": 0.15625, "h": 0.1588235294117647, "w": 0.16875, "b": 0.29, "x": 0.53125}, "d": {"d": 0, "e": 0.05263157894736842, "t": 0.06439628482972136, "n": 0.06513157894736842, "r": 0.06614509246088193, "i": 0.06876061120543293, "s": 0.07263157894736842, "o": 0.07644110275689223, "c": 0.08388157894736842, "a": 0.09109311740890688, "v": 0.09109311740890688, "u": 0.09263157894736843, "m": 0.09429824561403508, "p": 0.10025062656641603, "l": 0.13126061120543292, "g": 0.1354272778720996, "y": 0.13582485625829277, "k": 0.17624269005847953, "q": 0.17763157894736842, "f": 0.17987172231654402, "w": 0.19013157894736843, "h": 0.1910931174089069, "b": 0.3143962848297214, "x": 0.5526315789473684}, "e": {"e": 0, "t": 0.011764705882352941, "n": 0.0125, "r": 0.013513513513513514, "i": 0.016129032258064516, "s": 0.02, "o": 0.023809523809523808, "c": 0.03125, "a": 0.038461538461538464, "v": 0.038461538461538464, "u": 0.04, "m": 0.041666666666666664, "p": 0.047619047619047616, "d": 0.05263157894736842, "l": 0.07862903225806452, "g": 0.08279569892473118, "y": 0.08319327731092437, "k": 0.1236111111111111, "q": 0.125, "f": 0.1272401433691756, "w": 0.1375, "h": 0.13846153846153847, "b": 0.26176470588235295, "x": 0.5}, "f": {"f": 0, "i": 0.1111111111111111, "t": 0.1248097412480974, "n": 0.12581699346405228, "e": 0.1272401433691756, "o": 0.130718954248366, "r": 0.13550135501355012, "a": 0.13813813813813813, "s": 0.1472401433691756, "p": 0.14814814814814814, "c": 0.14957264957264957, "u": 0.15706780576422644, "v": 0.16570168183071407, "m": 0.1658169934640523, "l": 0.1736111111111111, "g": 0.17777777777777776, "d": 0.17987172231654402, "y": 0.19623831267666883, "k": 0.2369281045751634, "h": 0.23813813813813814, "w": 0.2508169934640523, "q": 0.2522401433691756, "b": 0.3748097412480974, "x": 0.6272401433691757}, "g": {"g": 0, "i": 0.06666666666666667, "n": 0.07692307692307693, "t": 0.08036529680365297, "e": 0.08279569892473118, "a": 0.08333333333333333, "o": 0.08627450980392157, "r": 0.0910569105691057, "s": 0.10279569892473119, "p": 0.1037037037037037, "c": 0.10512820512820513, "u": 0.112623361319782, "m": 0.11692307692307694, "v": 0.12125723738626965, "l": 0.12916666666666665, "d": 0.1354272778720996, "y": 0.1517938682322244, "f": 0.17777777777777776, "h": 0.18333333333333335, "k": 0.18803418803418803, "w": 0.20192307692307693, "q": 0.20779569892473118, "b": 0.33036529680365295, "x": 0.5827956989247312}, "h": {"h": 0, "a": 0.1, "i": 0.12702702702702703, "t": 0.13448275862068965, "p": 0.13703703703703704, "e": 0.13846153846153847, "n": 0.13846153846153847, "r": 0.14285714285714285, "o": 0.14663487016428195, "s": 0.15846153846153846, "c": 0.1588235294117647, "u": 0.16674082313681868, "v": 0.17692307692307693, "m": 0.17846153846153848, "g": 0.18333333333333335, "l": 0.18333333333333335, "d": 0.1910931174089069, "y": 0.20591133004926107, "f": 0.23813813813813814, "k": 0.24957264957264957, "q": 0.26346153846153847, "w": 0.26346153846153847, "b": 0.38448275862068965, "x": 0.6384615384615384}, "i": {"i": 0, "t": 0.0136986301369863, "n": 0.014705882352941176, "e": 0.016129032258064516, "o": 0.0196078431372549, "r": 0.024390243902439025, "a": 0.02702702702702703, "s": 0.03612903225806452, "p": 0.037037037037037035, "c": 0.038461538461538464, "u": 0.04595669465311533, "v": 0.05459057071960298, "m": 0.054705882352941174, "l": 0.0625, "g": 0.06666666666666667, "d": 0.06876061120543293, "y": 0.08512720156555773, "f": 0.1111111111111111, "k": 0.12581699346405228, "h": 0.12702702702702703, "w": 0.13970588235294118, "q": 0.1411290322580645, "b": 0.2636986301369863, "x": 0.5161290322580645}, "k": {"k": 0, "n": 0.1111111111111111, "e": 0.1236111111111111, "t": 0.12519561815336464, "i": 0.12581699346405228, "o": 0.1286549707602339, "r": 0.13151927437641722, "s": 0.1436111111111111, "a": 0.14957264957264957, "m": 0.1511111111111111, "c": 0.15486111111111112, "u": 0.15745368266949367, "p": 0.15873015873015872, "v": 0.16207264957264955, "w": 0.16666666666666666, "d": 0.17624269005847953, "g": 0.18803418803418803, "l": 0.18831699346405228, "y": 0.19662418958193606, "f": 0.2369281045751634, "q": 0.24861111111111112, "h": 0.24957264957264957, "b": 0.37519561815336466, "x": 0.6236111111111111}, "l": {"l": 0, "i": 0.0625, "t": 0.0761986301369863, "n": 0.07720588235294118, "e": 0.07862903225806452, "o": 0.0821078431372549, "a": 0.08333333333333333, "r": 0.08689024390243902, "s": 0.09862903225806452, "p": 0.09953703703703703, "c": 0.10096153846153846, "u": 0.10845669465311533, "v": 0.11709057071960298, "m": 0.11720588235294119, "g": 0.12916666666666665, "d": 0.13126061120543292, "y": 0.14762720156555773, "f": 0.1736111111111111, "h": 0.18333333333333335, "k": 0.18831699346405228, "w": 0.20220588235294118, "q": 0.2036290322580645, "b": 0.3261986301369863, "x": 0.5786290322580645}, "m": {"m": 0, "n": 0.04, "e": 0.041666666666666664, "t": 0.053431372549019605, "i": 0.054705882352941174, "r": 0.05518018018018018, "o": 0.05754385964912281, "s": 0.06166666666666666, "c": 0.07291666666666666, "a": 0.07846153846153847, "v": 0.08012820512820512, "u": 0.08166666666666667, "p": 0.08761904761904762, "d": 0.09429824561403508, "g": 0.11692307692307694, "l": 0.11720588235294117, "y": 0.12485994397759104, "k": 0.1511111111111111, "w": 0.165, "f": 0.16581699346405226, "q": 0.16666666666666666, "h": 0.17846153846153848, "b": 0.3034313725490196, "x": 0.5416666666666666}, "n": {"n": 0, "e": 0.0125, "t": 0.014084507042253521, "i": 0.014705882352941176, "o": 0.017543859649122806, "r": 0.02040816326530612, "s": 0.0325, "a": 0.038461538461538464, "m": 0.04, "c": 0.04375, "u": 0.046342571558382555, "p": 0.047619047619047616, "v": 0.05096153846153846, "d": 0.06513157894736842, "g": 0.07692307692307693, "l": 0.07720588235294118, "y": 0.08551307847082494, "k": 0.1111111111111111, "w": 0.125, "f": 0.12581699346405228, "q": 0.1375, "h": 0.13846153846153847, "b": 0.2640845070422535, "x": 0.5125}, "o": {"o": 0, "n": 0.017543859649122806, "i": 0.0196078431372549, "e": 0.023809523809523808, "t": 0.025, "r": 0.027777777777777776, "s": 0.03225806451612903, "p": 0.043478260869565216, "a": 0.04663487016428193, "c": 0.05505952380952381, "u": 0.05725806451612903, "m": 0.05754385964912281, "v": 0.06227106227106227, "d": 0.07644110275689223, "l": 0.0821078431372549, "g": 0.08627450980392157, "y": 0.09642857142857142, "k": 0.1286549707602339,