{"degree_centrality": {"inv_cooccurrence": {"a": 0.8260869565217391, "b": 0.3913043478260869, "c": 0.8260869565217391, "d": 0.6956521739130435, "e": 1.0, "f": 0.43478260869565216, "g": 0.7826086956521738, "h": 0.6521739130434783, "i": 0.9565217391304348, "k": 0.3913043478260869, "l": 0.7391304347826086, "m": 0.7391304347826086, "n": 0.9565217391304348, "o": 0.9130434782608695, "p": 0.7391304347826086, "q": 0.21739130434782608, "r": 0.9130434782608695, "s": 0.8260869565217391, "t": 1.0, "u": 0.8260869565217391, "v": 0.6521739130434783, "w": 0.34782608695652173, "x": 0.30434782608695654, "y": 0.5652173913043478}}, "betweenness_centrality": {"inv_cooccurrence": {"a": 0.08300395256916995, "b": 0.0, "c": 0.0, "d": 0.0, "e": 0.4229249011857707, "f": 0.0, "g": 0.0, "h": 0.0, "i": 0.2292490118577075, "k": 0.0, "l": 0.0, "m": 0.0, "n": 0.1976284584980237, "o": 0.0, "p": 0.0, "q": 0.0, "r": 0.0, "s": 0.0, "t": 0.2134387351778656, "u": 0.0, "v": 0.0, "w": 0.0, "x": 0.0, "y": 0.0}}, "closeness_centrality": {"inv_cooccurrence": {"a": 9.161946406684224, "b": 3.0337617839258773, "c": 8.690880943419266, "d": 7.178756745883821, "e": 11.24143214916078, "f": 5.072161367659139, "g": 6.537323058365688, "h": 4.887770732844736, "i": 11.004197084126075, "k": 5.141819341463727, "l": 6.6614066366422025, "m": 7.957298368111865, "n": 10.962169255054782, "o": 9.9754238529931, "p": 8.344535721632445, "q": 4.795660399794124, "r": 10.307957595235004, "s": 9.34488036968466, "t": 11.050537421870182, "u": 8.428097409267066, "v": 7.952543372817483, "w": 4.813044172624003, "x": 1.7629921296099993, "y": 6.296582204177227}}}