{"all_pairs_dijkstra": {"inv_cooccurrence": {"a": {"a": 0, "t": 0.011494252873563218, "n": 0.016129032258064516, "i": 0.017543859649122806, "e": 0.0196078431372549, "o": 0.023255813953488372, "r": 0.023255813953488372, "c": 0.024390243902439025, "u": 0.0284434054159361, "s": 0.03277084861824407, "p": 0.04179728317659352, "m": 0.04995579133510168, "v": 0.052941176470588235, "h": 0.058823529411764705, "l": 0.06412583182093164, "d": 0.07223942208462332, "f": 0.07325581395348837, "g": 0.08292282430213464, "y": 0.08540242756561249, "b": 0.08832640417379962, "k": 0.09653092006033183, "w": 0.18627450980392157, "q": 0.2696078431372549}, "b": {"b": 0, "s": 0.05555555555555555, "e": 0.07168458781362007, "r": 0.07638888888888888, "t": 0.0768321513002364, "u": 0.08496732026143791, "i": 0.0850179211469534, "n": 0.08597030209933436, "a": 0.08832640417379962, "c": 0.08892596712396489, "o": 0.09055251234192195, "m": 0.10317460317460317, "v": 0.10501792114695341, "p": 0.10713518160326671, "y": 0.10818713450292397, "l": 0.11713913326816552, "d": 0.12431616676098849, "f": 0.12638888888888888, "h": 0.12946373024760482, "g": 0.1388888888888889, "k": 0.148607664736697, "w": 0.2383512544802867, "q": 0.3216845878136201}, "c": {"c": 0, "e": 0.017241379310344827, "t": 0.018518518518518517, "i": 0.018867924528301886, "n": 0.019230769230769232, "o": 0.023809523809523808, "a": 0.024390243902439025, "r": 0.02702702702702703, "s": 0.03337041156840934, "u": 0.035467671060891395, "p": 0.04882154882154882, "v": 0.05057471264367816, "m": 0.05427841634738186, "l": 0.06269592476489028, "d": 0.06987295825771325, "h": 0.07115009746588694, "f": 0.07702702702702703, "y": 0.08600199051577775, "b": 0.08892596712396489, "g": 0.08952702702702703, "k": 0.09416445623342176, "w": 0.1839080459770115, "q": 0.2672413793103448}, "d": {"d": 0, "e": 0.05263157894736842, "t": 0.06172248803827751, "r": 0.06243550051599587, "i": 0.06596491228070175, "n": 0.06691729323308271, "s": 0.06876061120543293, "c": 0.06987295825771325, "o": 0.0714995034756703, "a": 0.07223942208462332, "u": 0.07867164058065039, "v": 0.08596491228070174, "m": 0.08966861598440545, "p": 0.09202551834130782, "l": 0.09808612440191387, "f": 0.11243550051599588, "h": 0.11435406698564593, "y": 0.12139219015280135, "b": 0.12431616676098849, "g": 0.12493550051599586, "k": 0.12955465587044535, "w": 0.21929824561403508, "q": 0.3026315789473684}, "e": {"e": 0, "t": 0.00909090909090909, "r": 0.00980392156862745, "i": 0.013333333333333334, "n": 0.014285714285714285, "s": 0.016129032258064516, "c": 0.017241379310344827, "o": 0.018867924528301886, "a": 0.0196078431372549, "u": 0.026040061633281972, "v": 0.03333333333333333, "m": 0.037037037037037035, "p": 0.0393939393939394, "l": 0.045454545454545456, "d": 0.05263157894736842, "f": 0.059803921568627454, "h": 0.06172248803827751, "y": 0.06876061120543293, "b": 0.07168458781362007, "g": 0.07230392156862744, "k": 0.07692307692307693, "w": 0.16666666666666666, "q": 0.25}, "f": {"f": 0, "r": 0.05, "e": 0.059803921568627454, "t": 0.06492537313432836, "i": 0.06886792452830189, "n": 0.07040816326530612, "s": 0.07083333333333333, "o": 0.07083333333333333, "a": 0.07325581395348837, "c": 0.07702702702702703, "u": 0.07941176470588235, "v": 0.09313725490196079, "p": 0.09522840343735867, "m": 0.0968409586056645, "l": 0.1052584670231729, "d": 0.11243550051599588, "g": 0.1125, "h": 0.11755695208169678, "y": 0.12346491228070175, "b": 0.12638888888888888, "k": 0.1367269984917044, "w": 0.22647058823529412, "q": 0.30980392156862746}, "g": {"g": 0, "r": 0.0625, "t": 0.07142857142857142, "i": 0.07142857142857142, "e": 0.07230392156862744, "n": 0.07692307692307693, "a": 0.08292282430213464, "s": 0.08333333333333333, "o": 0.08333333333333333, "u": 0.0883777239709443, "c": 0.08952702702702703, "p": 0.10173160173160173, "v": 0.10563725490196077, "m": 0.10934095860566448, "f": 0.1125, "l": 0.1177584670231729, "h": 0.12406015037593984, "d": 0.12493550051599586, "y": 0.13596491228070173, "b": 0.1388888888888889, "k": 0.14922699849170437, "w": 0.2389705882352941, "q": 0.3223039215686274}, "h": {"h": 0, "t": 0.05263157894736842, "a": 0.058823529411764705, "e": 0.06172248803827751, "i": 0.06215538847117794, "n": 0.062246963562753034, "o": 0.06671608598962193, "r": 0.06755695208169678, "u": 0.0695807314897413, "c": 0.07115009746588694, "s": 0.07390817469204927, "p": 0.08293460925039872, "m": 0.09109311740890688, "v": 0.09505582137161084, "l": 0.10526315789473684, "d": 0.11435406698564593, "f": 0.11755695208169678, "g": 0.12406015037593984, "y": 0.1265397536394177, "b": 0.12946373024760482, "k": 0.13864556496135444, "w": 0.22838915470494417, "q": 0.3117224880382775}, "i": {"i": 0, "t": 0.009523809523809525, "n": 0.010526315789473684, "e": 0.013333333333333334, "o": 0.01639344262295082, "a": 0.017543859649122806, "c": 0.018867924528301886, "r": 0.018867924528301886, "u": 0.026472962066182406, "s": 0.02946236559139785, "p": 0.03982683982683983, "v": 0.04666666666666667, "m": 0.04798534798534799, "l": 0.05878787878787879, "h": 0.06215538847117794, "d": 0.06596491228070175, "f": 0.06886792452830189, "g": 0.07142857142857142, "y": 0.08209394453876627, "b": 0.0850179211469534, "k": 0.09025641025641026, "w": 0.18, "q": 0.2633333333333333}, "k": {"k": 0, "e": 0.07692307692307693, "t": 0.08601398601398602, "r": 0.08672699849170437, "i": 0.09025641025641026, "n": 0.09120879120879122, "s": 0.09305210918114144, "c": 0.09416445623342176, "o": 0.09579100145137881, "a": 0.09653092006033183, "u": 0.1029631385563589, "v": 0.11025641025641025, "m": 0.11396011396011396, "p": 0.11631701631701633, "l": 0.12237762237762238, "d": 0.12955465587044535, "f": 0.1367269984917044, "h": 0.13864556496135444, "y": 0.14568368812850985, "b": 0.148607664736697, "g": 0.14922699849170437, "w": 0.24358974358974358, "q": 0.3269230769230769}, "l": {"l": 0, "e": 0.045454545454545456, "t": 0.05263157894736842, "r": 0.05525846702317291, "i": 0.05878787878787879, "n": 0.05974025974025974, "s": 0.06158357771260997, "c": 0.06269592476489028, "a": 0.06412583182093164, "o": 0.06432246998284734, "u": 0.0695807314897413, "v": 0.0787878787878788, "m": 0.08249158249158249, "p": 0.08293460925039872, "d": 0.09808612440191387, "f": 0.1052584670231729, "h": 0.10526315789473684, "y": 0.11421515665997839, "b": 0.11713913326816552, "g": 0.11775846702317291, "k": 0.12237762237762238, "w": 0.2121212121212121, "q": 0.29545454545454547}, "m": {"m": 0, "e": 0.037037037037037035, "t": 0.038461538461538464, "r": 0.046840958605664486, "s": 0.047619047619047616, "i": 0.04798534798534799, "n": 0.04807692307692308, "a": 0.04995579133510168, "o": 0.05, "c": 0.05427841634738186, "u": 0.05541069100391134, "p": 0.06876456876456877, "v": 0.07037037037037036, "l": 0.08249158249158249, "d": 0.08966861598440545, "h": 0.09109311740890688, "f": 0.0968409586056645, "y": 0.10025062656641603, "b": 0.10317460317460317, "g": 0.10934095860566448, "k": 0.11396011396011396, "w": 0.2037037037037037, "q": 0.28703703703703703}, "n": {"n": 0, "t": 0.009615384615384616, "i": 0.010526315789473684, "e": 0.014285714285714285, "o": 0.015625, "a": 0.016129032258064516, "c": 0.019230769230769232, "r": 0.02040816326530612, "u": 0.026564537157757497, "s": 0.0304147465437788, "p": 0.03991841491841492, "v": 0.047619047619047616, "m": 0.04807692307692308, "l": 0.05974025974025974, "h": 0.062246963562753034, "d": 0.06691729323308271, "f": 0.07040816326530612, "g": 0.07692307692307693, "y": 0.08304632549114721, "b": 0.08597030209933434, "k": 0.09120879120879122, "w": 0.18095238095238095, "q": 0.2642857142857143}, "o": {"o": 0, "t": 0.014084507042253521, "n": 0.015625, "i": 0.01639344262295082, "e": 0.018867924528301886, "r": 0.020833333333333332, "a": 0.023255813953488372, "c": 0.023809523809523808, "u": 0.0310336595846264, "s": 0.0349969567863664, "p": 0.04438753734528383, "m": 0.05, "v": 0.05220125786163522, "l": 0.06432246998284734, "h": 0.06671608598962193, "f": 0.07083333333333333, "d": 0.0714995034756703,