{"degree_centrality": {"cooccurrence": {"2": 0.043478260869565216, "a": 0.8695652173913043, "b": 0.3913043478260869, "c": 0.6521739130434783, "d": 0.6521739130434783, "e": 0.8695652173913043, "f": 0.17391304347826086, "g": 0.4782608695652174, "h": 0.4782608695652174, "i": 0.9130434782608695, "k": 0.43478260869565216, "l": 0.7391304347826086, "m": 0.6956521739130435, "n": 0.9130434782608695, "o": 0.9130434782608695, "p": 0.6956521739130435, "r": 0.9130434782608695, "s": 0.6086956521739131, "t": 0.9130434782608695, "u": 0.7826086956521738, "v": 0.5217391304347826, "w": 0.34782608695652173, "y": 0.6956521739130435, "z": 0.34782608695652173}}, "betweenness_centrality": {"cooccurrence": {"2": 0.0, "a": 0.0006587615283267456, "b": 0.07863416776460255, "c": 0.0013175230566534913, "d": 0.10320910973084886, "e": 0.007152268021833239, "f": 0.0497239475500345, "g": 0.003623188405797101, "h": 0.02009222661396574, "i": 0.049750611707133435, "k": 0.16538365016625883, "l": 0.07370600414078674, "m": 0.14040874584352844, "n": 0.015810276679841896, "o": 0.019378568291611768, "p": 0.183466654118828, "r": 0.01688625384277558, "s": 0.009497145366710582, "t": 0.0, "u": 0.10893719806763284, "v": 0.007136583223539746, "w": 0.07396637179245873, "y": 0.08837285902503293, "z": 0.06896605809649287}}, "closeness_centrality": {"cooccurrence": {"2": 0.23469387755102042, "a": 0.34328358208955223, "b": 0.3026315789473684, "c": 0.23958333333333334, "d": 0.4339622641509434, "e": 0.32857142857142857, "f": 0.3709677419354839, "g": 0.359375, "h": 0.35384615384615387, "i": 0.40350877192982454, "k": 0.45098039215686275, "l": 0.4423076923076923, "m": 0.46, "n": 0.36507936507936506, "o": 0.38333333333333336, "p": 0.42592592592592593, "r": 0.3194444444444444, "s": 0.3333333333333333, "t": 0.2875, "u": 0.41818181818181815, "v": 0.3333333333333333, "w": 0.39655172413793105, "y": 0.41818181818181815, "z": 0.38333333333333336}}}