{"degree_centrality": {"cooccurrence": {"a": 0.8333333333333333, "b": 0.4583333333333333, "c": 0.9166666666666666, "d": 0.7916666666666666, "e": 1.0, "f": 0.6666666666666666, "g": 0.75, "h": 0.7083333333333333, "i": 0.8333333333333333, "j": 0.20833333333333331, "k": 0.3333333333333333, "l": 0.75, "m": 0.75, "n": 0.875, "o": 0.9583333333333333, "p": 0.7916666666666666, "q": 0.20833333333333331, "r": 0.9166666666666666, "s": 0.9166666666666666, "t": 1.0, "u": 0.7916666666666666, "v": 0.5833333333333333, "w": 0.41666666666666663, "x": 0.4583333333333333, "y": 0.6666666666666666}}, "betweenness_centrality": {"cooccurrence": {"a": 0.0, "b": 0.09718484011962274, "c": 0.09533324968107576, "d": 0.03184719869502478, "e": 0.0, "f": 0.02978778467908903, "g": 0.2405139646987473, "h": 0.15054583098061355, "i": 0.0, "j": 0.1649413388543823, "k": 0.04647745571658616, "l": 0.0, "m": 0.03423076520902608, "n": 0.0, "o": 0.0, "p": 0.07133420122550557, "q": 0.0006038647342995169, "r": 0.0, "s": 0.06384601710688667, "t": 0.030952380952380953, "u": 0.03609385783298827, "v": 0.12645502645502643, "w": 0.08009834368530021, "x": 0.15319211786603093, "y": 0.025198804818370033}}, "closeness_centrality": {"cooccurrence": {"a": 0.19834710743801653, "b": 0.34285714285714286, "c": 0.34782608695652173, "d": 0.3582089552238806, "e": 0.23529411764705882, "f": 0.3116883116883117, "g": 0.41379310344827586, "h": 0.38095238095238093, "i": 0.22018348623853212, "j": 0.3037974683544304, "k": 0.2926829268292683, "l": 0.2553191489361702, "m": 0.34285714285714286, "n": 0.1951219512195122, "o": 0.23529411764705882, "p": 0.36923076923076925, "q": 0.17266187050359713, "r": 0.15, "s": 0.3582089552238806, "t": 0.3, "u": 0.34782608695652173, "v": 0.34285714285714286, "w": 0.27906976744186046, "x": 0.38095238095238093, "y": 0.3380281690140845}}}