{"degree_centrality": {"cooccurrence": {"a": 0.8695652173913043, "b": 0.34782608695652173, "c": 0.8260869565217391, "d": 0.6521739130434783, "e": 1.0, "f": 0.2608695652173913, "g": 0.6956521739130435, "h": 0.5652173913043478, "i": 0.9130434782608695, "k": 0.34782608695652173, "l": 0.7391304347826086, "m": 0.6521739130434783, "n": 0.8695652173913043, "o": 0.8695652173913043, "p": 0.6956521739130435, "r": 0.9130434782608695, "s": 0.7391304347826086, "t": 0.8695652173913043, "u": 0.6521739130434783, "v": 0.5652173913043478, "w": 0.3913043478260869, "x": 0.2608695652173913, "y": 0.6521739130434783, "z": 0.13043478260869565}}, "betweenness_centrality": {"cooccurrence": {"a": 0.016638434029738376, "b": 0.16507508740710322, "c": 0.011895351025785806, "d": 0.04571805006587615, "e": 0.10065933188462832, "f": 0.18643207911982612, "g": 0.04183135704874835, "h": 0.0497364953886693, "i": 0.012187088274044794, "k": 0.1491883829828494, "l": 0.18692828910220213, "m": 0.007246376811594203, "n": 0.0, "o": 0.0806187225159557, "p": 0.08633540372670806, "r": 0.0926786213347478, "s": 0.016139657444005272, "t": 0.017297195558065123, "u": 0.10646527385657818, "v": 0.0, "w": 0.04856384283261753, "x": 0.018774703557312252, "y": 0.0, "z": 0.025218303874430355}}, "closeness_centrality": {"cooccurrence": {"a": 0.2839506172839506, "b": 0.36507936507936506, "c": 0.2804878048780488, "d": 0.27380952380952384, "e": 0.38333333333333336, "f": 0.38333333333333336, "g": 0.323943661971831, "h": 0.27058823529411763, "i": 0.2911392405063291, "k": 0.3333333333333333, "l": 0.3898305084745763, "m": 0.21100917431192662, "n": 0.24468085106382978, "o": 0.36507936507936506, "p": 0.323943661971831, "r": 0.39655172413793105, "s": 0.2987012987012987, "t": 0.2911392405063291, "u": 0.3026315789473684, "v": 0.24731182795698925, "w": 0.34328358208955223, "x": 0.26136363636363635, "y": 0.25, "z": 0.3026315789473684}}}