{"degree_centrality": {"inv_cooccurrence": {"a": 0.9545454545454546, "b": 0.6363636363636364, "c": 0.9545454545454546, "d": 0.9090909090909092, "e": 1.0, "f": 0.8181818181818182, "g": 0.7272727272727273, "h": 0.8636363636363636, "i": 0.9545454545454546, "k": 0.7727272727272727, "l": 0.9090909090909092, "m": 0.8636363636363636, "n": 1.0, "o": 0.9545454545454546, "p": 0.9545454545454546, "q": 0.4090909090909091, "r": 1.0, "s": 0.9545454545454546, "t": 0.9545454545454546, "u": 0.8181818181818182, "v": 0.6818181818181819, "w": 0.4545454545454546, "y": 0.9090909090909092}}, "betweenness_centrality": {"inv_cooccurrence": {"a": 0.09090909090909091, "b": 0.0, "c": 0.0, "d": 0.0, "e": 0.6363636363636364, "f": 0.0, "g": 0.0, "h": 0.0, "i": 0.008658008658008658, "k": 0.0, "l": 0.0, "m": 0.0, "n": 0.06926406926406926, "o": 0.0, "p": 0.0, "q": 0.0, "r": 0.021645021645021644, "s": 0.0, "t": 0.09090909090909091, "u": 0.0, "v": 0.0, "w": 0.0, "y": 0.0}}, "closeness_centrality": {"inv_cooccurrence": {"a": 19.823539666845967, "b": 6.38954430011231, "c": 19.8321646673923, "d": 15.586888863342093, "e": 23.79216976280963, "f": 12.46689213442229, "g": 11.971372452160828, "h": 11.971372452160828, "i": 21.524641677791454, "k": 10.021169637451504, "l": 18.032195154028713, "m": 14.49840674705427, "n": 22.049091620874655, "o": 20.092916167058043, "p": 16.468044559518674, "q": 4.972117756853019, "r": 22.086150219259324, "s": 18.75568284831171, "t": 22.34312600716538, "u": 13.227854843892473, "v": 14.74292163111988, "w": 5.624145382682765, "y": 11.709164750436894}}}