{"degree_centrality": {"cooccurrence": {"a": 0.9473684210526315, "b": 0.42105263157894735, "c": 0.8421052631578947, "d": 0.9473684210526315, "e": 0.9473684210526315, "f": 0.5789473684210527, "g": 0.631578947368421, "i": 0.894736842105263, "l": 0.7368421052631579, "m": 0.7368421052631579, "n": 0.9473684210526315, "o": 1.0, "p": 0.6842105263157894, "r": 1.0, "s": 0.7368421052631579, "t": 0.9473684210526315, "u": 0.7894736842105263, "v": 0.6842105263157894, "w": 0.3157894736842105, "y": 0.7894736842105263}}, "betweenness_centrality": {"cooccurrence": {"a": 0.00191183085919928, "b": 0.3250074973759184, "c": 0.0, "d": 0.2780269762725903, "e": 0.0, "f": 0.07326774914494212, "g": 0.08856096794693286, "i": 0.0, "l": 0.010507036822826296, "m": 0.030748166713078996, "n": 0.0, "o": 0.03464680219066184, "p": 0.03302165670586723, "r": 0.016928539296960348, "s": 0.03565323565323565, "t": 0.0, "u": 0.07870566730215853, "v": 0.09145031381873486, "w": 0.14857603410234987, "y": 0.0}}, "closeness_centrality": {"cooccurrence": {"a": 0.3333333333333333, "b": 0.48717948717948717, "c": 0.37254901960784315, "d": 0.5428571428571428, "e": 0.31666666666666665, "f": 0.4523809523809524, "g": 0.4418604651162791, "i": 0.20430107526881722, "l": 0.36538461538461536, "m": 0.41304347826086957, "n": 0.3392857142857143, "o": 0.3877551020408163, "p": 0.3877551020408163, "r": 0.40425531914893614, "s": 0.41304347826086957, "t": 0.2714285714285714, "u": 0.48717948717948717, "v": 0.38, "w": 0.4222222222222222, "y": 0.2923076923076923}}}