{"all_pairs_dijkstra": {"inv_cooccurrence": {"a": {"a": 0, "s": 0.25, "d": 0.25, "e": 0.25, "t": 0.3333333333333333, "b": 0.3333333333333333, "r": 0.3611111111111111, "n": 0.375, "p": 0.375, "o": 0.39285714285714285, "i": 0.41666666666666663, "v": 0.5416666666666666, "c": 0.5595238095238095, "l": 0.5595238095238095, "k": 0.8611111111111112, "h": 0.9166666666666666, "w": 1.25, "f": 1.3611111111111112}, "b": {"b": 0, "a": 0.3333333333333333, "s": 0.5833333333333333, "d": 0.5833333333333333, "e": 0.5833333333333333, "t": 0.6666666666666666, "r": 0.6944444444444444, "n": 0.7083333333333333, "p": 0.7083333333333333, "o": 0.726190476190476, "i": 0.7499999999999999, "v": 0.8749999999999999, "c": 0.8928571428571427, "l": 0.8928571428571427, "k": 1.1944444444444444, "h": 1.25, "w": 1.5833333333333333, "f": 1.6944444444444444}, "c": {"c": 0, "o": 0.16666666666666666, "r": 0.26666666666666666, "t": 0.26666666666666666, "p": 0.29166666666666663, "n": 0.30952380952380953, "e": 0.30952380952380953, "l": 0.3333333333333333, "i": 0.38095238095238093, "v": 0.47619047619047616, "a": 0.5595238095238095, "k": 0.6666666666666666, "s": 0.8095238095238095, "d": 0.8095238095238095, "h": 0.8809523809523809, "b": 0.8928571428571428, "f": 1.1666666666666667, "w": 1.1666666666666667}, "d": {"d": 0, "a": 0.25, "s": 0.5, "i": 0.5, "e": 0.5, "n": 0.5714285714285714, "t": 0.5833333333333333, "b": 0.5833333333333333, "r": 0.6111111111111112, "p": 0.625, "o": 0.6428571428571428, "v": 0.738095238095238, "c": 0.8095238095238094, "l": 0.8095238095238094, "h": 1.0, "k": 1.1111111111111112, "w": 1.5, "f": 1.6111111111111112}, "e": {"e": 0, "r": 0.1111111111111111, "n": 0.125, "t": 0.125, "p": 0.125, "o": 0.14285714285714285, "i": 0.16666666666666666, "a": 0.25, "v": 0.29166666666666663, "c": 0.30952380952380953, "l": 0.30952380952380953, "s": 0.5, "d": 0.5, "b": 0.5833333333333333, "k": 0.6111111111111112, "h": 0.6666666666666666, "w": 1.0, "f": 1.1111111111111112}, "f": {"f": 0, "o": 1.0, "r": 1.0, "k": 1.0, "t": 1.1, "e": 1.1111111111111112, "p": 1.125, "n": 1.1428571428571428, "c": 1.1666666666666667, "l": 1.1666666666666667, "i": 1.2142857142857142, "v": 1.3095238095238095, "a": 1.3611111111111112, "s": 1.6111111111111112, "d": 1.6111111111111112, "b": 1.6944444444444444, "h": 1.7142857142857142, "w": 2.0}, "h": {"h": 0, "i": 0.5, "n": 0.5714285714285714, "e": 0.6666666666666666, "t": 0.7142857142857142, "o": 0.7142857142857142, "v": 0.738095238095238, "r": 0.7777777777777777, "p": 0.7916666666666666, "c": 0.8809523809523808, "l": 0.8809523809523808, "a": 0.9166666666666666, "s": 1.0, "d": 1.0, "k": 1.2142857142857142, "b": 1.25, "w": 1.5714285714285714, "f": 1.7142857142857142}, "i": {"i": 0, "n": 0.07142857142857142, "e": 0.16666666666666666, "t": 0.21428571428571427, "o": 0.21428571428571427, "v": 0.23809523809523808, "r": 0.2777777777777778, "p": 0.29166666666666663, "c": 0.38095238095238093, "l": 0.38095238095238093, "a": 0.41666666666666663, "s": 0.5, "d": 0.5, "h": 0.5, "k": 0.7142857142857143, "b": 0.75, "w": 1.0714285714285714, "f": 1.2142857142857142}, "k": {"k": 0, "o": 0.5, "r": 0.5, "t": 0.6, "e": 0.6111111111111112, "p": 0.625, "n": 0.6428571428571428, "c": 0.6666666666666666, "l": 0.6666666666666666, "i": 0.7142857142857142, "v": 0.8095238095238094, "a": 0.8611111111111112, "f": 1.0, "w": 1.0, "s": 1.1111111111111112, "d": 1.1111111111111112, "b": 1.1944444444444444, "h": 1.2142857142857142}, "l": {"l": 0, "o": 0.16666666666666666, "r": 0.26666666666666666, "t": 0.26666666666666666, "p": 0.29166666666666663, "n": 0.30952380952380953, "e": 0.30952380952380953, "c": 0.3333333333333333, "i": 0.38095238095238093, "v": 0.47619047619047616, "a": 0.5595238095238095, "k": 0.6666666666666666, "s": 0.8095238095238095, "d": 0.8095238095238095, "h": 0.8809523809523809, "b": 0.8928571428571428, "f": 1.1666666666666667, "w": 1.1666666666666667}, "n": {"n": 0, "i": 0.07142857142857142, "e": 0.125, "t": 0.14285714285714285, "o": 0.14285714285714285, "v": 0.16666666666666666, "r": 0.2361111111111111, "p": 0.25, "c": 0.30952380952380953, "l": 0.30952380952380953, "a": 0.375, "s": 0.5714285714285714, "d": 0.5714285714285714, "h": 0.5714285714285714, "k": 0.6428571428571428, "b": 0.7083333333333333, "w": 1.0, "f": 1.1428571428571428}, "o": {"o": 0, "r": 0.1, "t": 0.1, "p": 0.125, "n": 0.14285714285714285, "e": 0.14285714285714285, "c": 0.16666666666666666, "l": 0.16666666666666666, "i": 0.21428571428571427, "v": 0.30952380952380953, "a": 0.39285714285714285, "k": 0.5, "s": 0.6428571428571428, "d": 0.6428571428571428, "h": 0.7142857142857143, "b": 0.7261904761904762, "f": 1.0, "w": 1.0}, "p": {"p": 0, "o": 0.125, "e": 0.125, "r": 0.16666666666666666, "t": 0.225, "n": 0.25, "c": 0.29166666666666663, "l": 0.29166666666666663, "i": 0.29166666666666663, "a": 0.375, "v": 0.41666666666666663, "k": 0.625, "s": 0.625, "d": 0.625, "b": 0.7083333333333333, "h": 0.7916666666666666, "f": 1.125, "w": 1.125}, "r": {"r": 0, "o": 0.1, "e": 0.1111111111111111, "p": 0.16666666666666666, "t": 0.2, "n": 0.2361111111111111, "c": 0.26666666666666666, "l": 0.26666666666666666, "i": 0.2777777777777778, "a": 0.3611111111111111, "v": 0.4027777777777778, "k": 0.5, "s": 0.6111111111111112, "d": 0.6111111111111112, "b": 0.6944444444444444, "h": 0.7777777777777778, "f": 1.0, "w": 1.0}, "s": {"s": 0, "a": 0.25, "i": 0.5, "d": 0.5, "e": 0.5, "n": 0.5714285714285714, "t": 0.5833333333333333, "b": 0.5833333333333333, "r": 0.6111111111111112, "p": 0.625, "o": 0.6428571428571428, "v": 0.738095238095238, "c": 0.8095238095238094, "l": 0.8095238095238094, "h": 1.0, "k": 1.1111111111111112, "w": 1.5, "f": 1.6111111111111112}, "t": {"t": 0, "o": 0.1, "e": 0.125, "n": 0.14285714285714285, "r": 0.2, "i": 0.21428571428571427, "p": 0.225, "c": 0.26666666666666666, "l": 0.26666666666666666, "v": 0.30952380952380953, "a": 0.3333333333333333, "s": 0.5833333333333333, "d": 0.5833333333333333, "k": 0.6, "b": 0.6666666666666666, "h": 0.7142857142857143, "w": 1.0, "f": 1.1}, "v": {"v": 0, "n": 0.16666666666666666, "i": 0.23809523809523808, "e": 0.29166666666666663, "t": 0.30952380952380953, "o": 0.30952380952380953, "r": 0.40277777777777773, "p": 0.41666666666666663, "c": 0.47619047619047616, "l": 0.47619047619047616, "a": 0.5416666666666666, "s": 0.7380952380952381, "d": 0.7380952380952381, "h": 0.7380952380952381, "k": 0.8095238095238095, "b": 0.875, "w": 1.1666666666666667, "f": 1.3095238095238095}, "w": {"w": 0, "n": 1.0, "e": 1.0, "t": 1.0, "o": 1.0, "r": 1.0, "k": 1.0, "i": 1.0714285714285714, "p": 1.125, "v": 1.1666666666666667, "c": 1.1666666666666667, "l": 1.1666666666666667, "a": 1.25, "s": 1.5, "d": 1.5, "h": 1.5714285714285714, "b": 1.5833333333333333, "f": 2.0}}}}