{"degree_centrality": {"inv_cooccurrence": {"a": 0.9047619047619047, "b": 0.5714285714285714, "c": 0.8571428571428571, "d": 0.8571428571428571, "e": 1.0, "f": 0.5238095238095237, "g": 0.8571428571428571, "h": 0.5714285714285714, "i": 0.9523809523809523, "k": 0.47619047619047616, "l": 0.9047619047619047, "m": 0.7142857142857142, "n": 1.0, "o": 1.0, "p": 0.7142857142857142, "r": 1.0, "s": 0.8571428571428571, "t": 1.0, "u": 0.7619047619047619, "v": 0.5714285714285714, "w": 0.5238095238095237, "y": 0.8095238095238095}}, "betweenness_centrality": {"inv_cooccurrence": {"a": 0.18095238095238098, "b": 0.0, "c": 0.04285714285714286, "d": 0.0, "e": 0.7047619047619048, "f": 0.0, "g": 0.0, "h": 0.0, "i": 0.09523809523809525, "k": 0.0, "l": 0.0, "m": 0.0, "n": 0.04285714285714286, "o": 0.0, "p": 0.0, "r": 0.004761904761904762, "s": 0.0, "t": 0.0, "u": 0.0, "v": 0.0, "w": 0.0, "y": 0.0}}, "closeness_centrality": {"inv_cooccurrence": {"a": 22.26892186284411, "b": 5.526081484324069, "c": 22.19447218532565, "d": 18.522793585984097, "e": 25.72653086266817, "f": 5.541922166914137, "g": 16.285875592905064, "h": 10.283971138562162, "i": 22.528415083381272, "k": 10.177861698076857, "l": 14.369396516639341, "m": 19.86648032073868, "n": 23.731661025039713, "o": 18.84603573877554, "p": 12.208077215653779, "r": 22.58617716290136, "s": 21.83875324206509, "t": 23.04402019717347, "u": 15.935554471214441, "v": 18.7615876597607, "w": 8.467849726022244, "y": 12.807051040495196}}}