{"degree_centrality": {"inv_cooccurrence": {"a": 0.88, "b": 0.72, "c": 0.88, "d": 0.76, "e": 1.0, "f": 0.76, "g": 0.84, "h": 0.8, "i": 0.96, "j": 0.32, "k": 0.56, "l": 0.84, "m": 0.84, "n": 1.0, "o": 0.96, "p": 0.8, "q": 0.32, "r": 0.92, "s": 0.92, "t": 1.0, "u": 0.88, "v": 0.68, "w": 0.56, "x": 0.2, "y": 0.84, "z": 0.6}}, "betweenness_centrality": {"inv_cooccurrence": {"a": 0.0, "b": 0.0, "c": 0.030000000000000002, "d": 0.0, "e": 0.5700000000000001, "f": 0.0, "g": 0.0, "h": 0.0, "i": 0.06666666666666667, "j": 0.0, "k": 0.0, "l": 0.0, "m": 0.0, "n": 0.09666666666666668, "o": 0.12000000000000001, "p": 0.0, "q": 0.0, "r": 0.060000000000000005, "s": 0.0, "t": 0.19333333333333336, "u": 0.0, "v": 0.0, "w": 0.0, "x": 0.0, "y": 0.0, "z": 0.0}}, "closeness_centrality": {"inv_cooccurrence": {"a": 30.154551812084534, "b": 19.58934926383382, "c": 29.87686150684556, "d": 22.4194394673228, "e": 33.51777336604885, "f": 19.01934290649232, "g": 21.668884298735566, "h": 22.945670489083962, "i": 31.714332511080194, "j": 7.831571056541222, "k": 14.655253322194904, "l": 24.002434531795195, "m": 27.69359907577681, "n": 32.251035048644624, "o": 31.18914172165304, "p": 21.932400962039843, "q": 12.443811029765294, "r": 31.265819054861176, "s": 27.83769530866458, "t": 32.86174386743617, "u": 26.904777224875883, "v": 20.997827686544454, "w": 9.10457278632089, "x": 5.251259055786494, "y": 19.815459208892836, "z": 11.522195837573534}}}