{"degree_centrality": {"cooccurrence": {"a": 0.8695652173913043, "b": 0.5652173913043478, "c": 0.8695652173913043, "d": 0.6521739130434783, "e": 1.0, "f": 0.6521739130434783, "g": 0.6086956521739131, "h": 0.6521739130434783, "i": 0.8260869565217391, "k": 0.3913043478260869, "l": 0.8695652173913043, "m": 0.7826086956521738, "n": 0.7826086956521738, "o": 0.8260869565217391, "p": 0.7826086956521738, "q": 0.21739130434782608, "r": 0.9130434782608695, "s": 0.8695652173913043, "t": 0.8695652173913043, "u": 0.7391304347826086, "v": 0.34782608695652173, "w": 0.3913043478260869, "x": 0.08695652173913043, "y": 0.43478260869565216}}, "betweenness_centrality": {"cooccurrence": {"a": 0.0012296881862099253, "b": 0.1574659639877031, "c": 0.03908651734738691, "d": 0.2168235146496016, "e": 0.031093544137022398, "f": 0.04286341677646025, "g": 0.15259426563774386, "h": 0.1382489491185143, "i": 0.0, "k": 0.1996314072401029, "l": 0.09241012610577828, "m": 0.06166007905138339, "n": 0.0009881422924901185, "o": 0.0, "p": 0.006960913482652612, "q": 0.0, "r": 0.0397562582345191, "s": 0.002909530083443127, "t": 0.10696405044231132, "u": 0.055922579835623314, "v": 0.02582345191040843, "w": 0.013888888888888888, "x": 0.00691699604743083, "y": 0.004281949934123846}}, "closeness_centrality": {"cooccurrence": {"a": 0.20535714285714285, "b": 0.2839506172839506, "c": 0.27058823529411763, "d": 0.2987012987012987, "e": 0.19827586206896552, "f": 0.21100917431192662, "g": 0.2948717948717949, "h": 0.2911392405063291, "i": 0.1885245901639344, "k": 0.23711340206185566, "l": 0.2804878048780488, "m": 0.22549019607843138, "n": 0.20535714285714285, "o": 0.23469387755102042, "p": 0.25842696629213485, "q": 0.09956709956709957, "r": 0.23, "s": 0.20909090909090908, "t": 0.25274725274725274, "u": 0.27710843373493976, "v": 0.22115384615384615, "w": 0.20909090909090908, "x": 0.17293233082706766, "y": 0.25274725274725274}}}