{"all_pairs_dijkstra": {"inv_cooccurrence": {"a": {"a": 0, "t": 0.004366812227074236, "n": 0.005917159763313609, "i": 0.005952380952380952, "e": 0.00684931506849315, "o": 0.008620689655172414, "r": 0.008928571428571428, "s": 0.009345794392523364, "c": 0.009615384615384616, "u": 0.015119500399117247, "l": 0.018867924528301886, "m": 0.01889750783957749, "f": 0.019110275689223057, "d": 0.019836328055506138, "v": 0.024393174717615956, "p": 0.025367833587011668, "g": 0.02702702702702703, "h": 0.029411764705882353, "y": 0.02976190476190476, "w": 0.05446836268754077, "b": 0.06934931506849315, "k": 0.07528735632183908, "x": 0.09018264840182648, "z": 0.16666666666666666}, "b": {"b": 0, "e": 0.0625, "t": 0.06760204081632654, "n": 0.06811797752808989, "r": 0.06828034682080925, "i": 0.06828034682080925, "s": 0.0689935064935065, "a": 0.06934931506849315, "o": 0.06985294117647059, "c": 0.07013358778625954, "m": 0.07454819277108433, "d": 0.07548701298701299, "u": 0.07835472898836955, "l": 0.07974137931034483, "v": 0.0800438596491228, "p": 0.08101851851851852, "f": 0.08143824155765135, "g": 0.08377659574468085, "y": 0.09208987063033305, "h": 0.09876107977437551, "w": 0.11011904761904762, "k": 0.13392857142857142, "x": 0.14583333333333331, "z": 0.2342687074829932}, "c": {"c": 0, "t": 0.006993006993006993, "i": 0.007194244604316547, "e": 0.007633587786259542, "n": 0.00819672131147541, "o": 0.009345794392523364, "a": 0.009615384615384616, "s": 0.0125, "r": 0.012658227848101266, "u": 0.014705882352941176, "m": 0.01968178055734388, "f": 0.02035213934115865, "d": 0.02062060077327253, "l": 0.024874967096604368, "v": 0.025177447435382347, "p": 0.02615210630477806, "g": 0.02891018353094039, "y": 0.031003768413840355, "h": 0.038444244604316544, "w": 0.05525263540530716, "b": 0.07013358778625954, "k": 0.07601246105919003, "x": 0.09096692111959287, "z": 0.17365967365967366}, "d": {"d": 0, "e": 0.012987012987012988, "t": 0.018089053803339517, "n": 0.018604990515102875, "r": 0.018767359807822237, "i": 0.018767359807822237, "o": 0.019230769230769232, "s": 0.01948051948051948, "a": 0.019836328055506138, "c": 0.02062060077327253, "m": 0.025035205758097326, "u": 0.02884174197538253, "l": 0.030228392297357815, "v": 0.030530872636135794, "p": 0.03150553150553151, "f": 0.03192525454466434, "g": 0.03426360873169384, "y": 0.042576883617346045, "h": 0.04924809276138849, "w": 0.06060606060606061, "b": 0.07548701298701299, "k": 0.08441558441558442, "x": 0.09632034632034632, "z": 0.18475572047000619}, "e": {"e": 0, "t": 0.00510204081632653, "n": 0.0056179775280898875, "r": 0.005780346820809248, "i": 0.005780346820809248, "s": 0.006493506493506494, "a": 0.00684931506849315, "o": 0.007352941176470588, "c": 0.007633587786259542, "m": 0.012048192771084338, "d": 0.012987012987012988, "u": 0.01585472898836954, "l": 0.017241379310344827, "v": 0.017543859649122806, "p": 0.018518518518518517, "f": 0.018938241557651354, "g": 0.02127659574468085, "y": 0.029589870630333057, "h": 0.0362610797743755, "w": 0.047619047619047616, "b": 0.0625, "k": 0.07142857142857142, "x": 0.08333333333333333, "z": 0.1717687074829932}, "f": {"f": 0, "i": 0.013157894736842105, "t": 0.0167680030400912, "n": 0.01780905752753978, "e": 0.018938241557651354, "a": 0.019110275689223057, "o": 0.01991465149359886, "r": 0.01996061582527748, "c": 0.02035213934115865, "s": 0.025431748051157846, "u": 0.027520691212134213, "m": 0.03098643432873569, "d": 0.03192525454466434, "v": 0.03315789473684211, "l": 0.03443449048152296, "y": 0.03696741854636591, "p": 0.03745676007616987, "g": 0.040214837302332204, "h": 0.044407894736842105, "w": 0.06655728917669897, "b": 0.08143824155765135, "k": 0.08658131816026553, "x": 0.10227157489098468, "z": 0.17982456140350878}, "g": {"g": 0, "e": 0.02127659574468085, "t": 0.02637863656100738, "n": 0.026894573272770738, "a": 0.02702702702702703, "r": 0.0270569425654901, "i": 0.0270569425654901, "s": 0.027770102238187343, "o": 0.028629536921151437, "c": 0.02891018353094039, "m": 0.03332478851576519, "d": 0.03426360873169384, "u": 0.03713132473305039, "l": 0.038517975055025674, "v": 0.03882045539380366, "p": 0.03979511426319937, "f": 0.040214837302332204, "y": 0.05086646637501391, "h": 0.05643879173290938, "w": 0.06889564336372847, "b": 0.08377659574468085, "k": 0.09270516717325228, "x": 0.10460992907801418, "z": 0.19304530322767405}, "h": {"h": 0, "a": 0.029411764705882353, "i": 0.03125, "t": 0.03225806451612903, "n": 0.035328924469195964, "e": 0.0362610797743755, "o": 0.03800519095291064, "r": 0.038052721088435375, "c": 0.038444244604316544, "s": 0.03875755909840572, "u": 0.043010752688172046, "f": 0.044407894736842105, "l": 0.04827968923418424, "m": 0.048309272545459844, "d": 0.04924809276138849, "v": 0.051250000000000004, "p": 0.05477959829289402, "y": 0.05505952380952381, "g": 0.05643879173290938, "w": 0.08388012739342313, "b": 0.09876107977437551, "k": 0.10467185761957731, "x": 0.11959441310770882, "z": 0.19607843137254902}, "i": {"i": 0, "t": 0.0036101083032490976, "n": 0.004651162790697674, "e": 0.005780346820809248, "a": 0.005952380952380952, "o": 0.006756756756756757, "r": 0.006802721088435374, "c": 0.007194244604316547, "s": 0.012273853314315741, "f": 0.013157894736842105, "u": 0.014362796475292108, "m": 0.017828539591893587, "d": 0.018767359807822237, "v": 0.02, "l": 0.02127659574468085, "y": 0.023809523809523808, "p": 0.024298865339327767, "g": 0.0270569425654901, "h": 0.03125, "w": 0.05339939443985686, "b": 0.06828034682080925, "k": 0.07342342342342342, "x": 0.08911368015414257, "z": 0.16666666666666666}, "k": {"k": 0, "o": 0.06666666666666667, "e": 0.07142857142857142, "n": 0.07195767195767196, "t": 0.07241379310344828, "i": 0.07342342342342342, "r": 0.07401960784313726, "a": 0.07528735632183908, "c": 0.07601246105919003, "s": 0.07792207792207792, "u": 0.08205128205128205, "m": 0.08347676419965576, "d": 0.08441558441558442, "f": 0.08658131816026553, "p": 0.08707482993197278, "l": 0.08866995073891626, "v": 0.08897243107769423, "g": 0.09270516717325228, "y": 0.09723294723294723, "h": 0.10467185761957731, "w": 0.11904761904761904, "b": 0.13392857142857142, "x": 0.15476190476190477, "z": 0.23333333333333334}, "l": {"l": 0, "e": 0.017241379310344827, "a": 0.018867924528301886, "i": 0.02127659574468085, "t": 0.022343420126671357, "n": 0.022859356838434715, "r": 0.023021726131154076, "s": 0.023734885803851323, "o": 0.024594320486815417, "c": 0.024874967096604368, "m": 0.029289572081429165, "d": 0.030228392297357815, "u": 0.03309610829871437, "f": 0.03443449048152296, "v": 0.03478523895946763, "p": 0.035759897828863345, "g": 0.038517975055025674, "y": 0.04508611955420466, "h": 0.04827968923418424, "w": 0.06486042692939245, "b": 0.07974137931034483, "k": 0.08866995073891626, "x": 0.10057471264367815, "z": 0.18553459119496854}, "m": {"m": 0, "e": 0.012048192771084338, "t": 0.017150233587410867, "n": 0.017666170299174225, "r": 0.017828539591893587, "i": 0.017828539591893587, "s": 0.01854169926459083, "a": 0.01889750783957749, "o": 0.019401133947554924, "c": 0.01968178055734388, "d": 0.025035205758097326, "u": 0.02790292175945388, "l": 0.029289572081429165, "v": 0.029592052420207144, "p": 0.030566711289602855, "f": 0.03098643432873569, "g": 0.03332478851576519, "y": 0.041638063401417395, "h": 0.048309272545459844, "w": 0.05966724039013195, "b": 0.07454819277108433, "k": 0.08347676419965576, "x": 0.09538152610441766, "z": 0.18381690025407751}, "n": {"n": 0, "t": 0.003968253968253968, "i": 0.004651162790697674, "o": 0.005291005291005291, "e": 0.0056179775280898875, "a": 0.005917159763313609, "c": 0.00819672131147541, "r": 0.00847457627118644, "s": 0.009615384615384616, "u": 0.013513513513513514, "m": 0.017666170299174225, "f": 0.01780905752753978, "d": 0.018604990515102875, "l": 0.022859356838434715, "v": 0.023161837177212694, "p": 0.024136496046608405, "g": 0.026894573272770738, "y": 0.028460686600221483, "h": 0.035328924469195964, "w": 0.053237025147137504, "b": 0.06811797752808989, "k": 0.07195767195767196,