{"all_pairs_dijkstra": {"inv_cooccurrence": {"a": {"a": 0, "t": 0.011494252873563218, "i": 0.011494252873563218, "e": 0.01639344262295082, "c": 0.017241379310344827, "r": 0.018518518518518517, "n": 0.018867924528301886, "s": 0.018867924528301886, "o": 0.019230769230769232, "p": 0.024390243902439025, "u": 0.029351395730706074, "g": 0.03571428571428571, "l": 0.03781004234724743, "d": 0.04274425287356322, "y": 0.05316091954022988, "h": 0.05555555555555555, "m": 0.05555555555555555, "k": 0.05806010928961748, "w": 0.07816091954022988, "q": 0.08292282430213464, "v": 0.08782201405152225, "x": 0.11639344262295083, "f": 0.2614942528735632, "b": 0.3448275862068965, "z": 0.5, "j": 1.0114942528735633}, "b": {"b": 0, "e": 0.3333333333333333, "t": 0.3333333333333333, "i": 0.3333333333333333, "r": 0.34234234234234234, "o": 0.3443223443223443, "n": 0.3443223443223443, "a": 0.3448275862068965, "s": 0.3459915611814346, "c": 0.3487179487179487, "u": 0.35119047619047616, "p": 0.358974358974359, "l": 0.35964912280701755, "g": 0.3619047619047619, "d": 0.3645833333333333, "k": 0.375, "y": 0.375, "m": 0.37681159420289856, "h": 0.38888888888888884, "w": 0.39999999999999997, "v": 0.40476190476190477, "q": 0.40476190476190477, "x": 0.43333333333333335, "f": 0.5833333333333333, "z": 0.8333333333333333, "j": 1.0}, "c": {"c": 0, "e": 0.015384615384615385, "a": 0.017241379310344827, "o": 0.017543859649122806, "t": 0.017857142857142856, "n": 0.02, "i": 0.020833333333333332, "r": 0.023255813953488372, "s": 0.025, "u": 0.03571428571428571, "p": 0.0404971932638332, "l": 0.04193410355156183, "g": 0.04395604395604395, "d": 0.05208333333333333, "k": 0.05705128205128205, "m": 0.0588628762541806, "y": 0.05952380952380952, "h": 0.07094017094017094, "w": 0.08205128205128205, "v": 0.08681318681318681, "q": 0.08928571428571427, "x": 0.11538461538461539, "f": 0.2708333333333333, "b": 0.3487179487179487, "z": 0.5172413793103449, "j": 1.0}, "d": {"d": 0, "i": 0.03125, "t": 0.040424311926605505, "a": 0.04274425287356322, "n": 0.0449486301369863, "e": 0.047619047619047616, "o": 0.04791666666666666, "r": 0.05129387714399681, "c": 0.05208333333333333, "l": 0.05756578947368421, "u": 0.05828145478374836, "s": 0.06027727546714888, "p": 0.06350806451612903, "g": 0.07619047619047618, "y": 0.08209097859327216, "k": 0.08928571428571427, "m": 0.09109730848861283, "h": 0.09829980842911877, "w": 0.10709097859327217, "v": 0.10817307692307693, "q": 0.11185288335517693, "x": 0.14761904761904762, "f": 0.28125, "b": 0.3645833333333333, "z": 0.53125, "j": 1.0404243119266054}, "e": {"e": 0, "r": 0.009009009009009009, "t": 0.011235955056179775, "s": 0.012658227848101266, "c": 0.015384615384615385, "n": 0.015625, "o": 0.015873015873015872, "a": 0.01639344262295082, "i": 0.0196078431372549, "p": 0.026250388319353835, "g": 0.02857142857142857, "u": 0.02909309791332263, "l": 0.037551744529863984, "k": 0.041666666666666664, "m": 0.043478260869565216, "d": 0.047619047619047616, "y": 0.05290262172284644, "h": 0.05555555555555555, "w": 0.06666666666666667, "v": 0.07142857142857142, "q": 0.0826645264847512, "x": 0.1, "f": 0.2696078431372549, "b": 0.3333333333333333, "z": 0.5112359550561798, "j": 1.0}, "f": {"f": 0, "i": 0.25, "t": 0.2591743119266055, "a": 0.2614942528735632, "n": 0.2636986301369863, "o": 0.26666666666666666, "e": 0.2696078431372549, "r": 0.2700438771439968, "c": 0.2708333333333333, "l": 0.2763157894736842, "u": 0.27703145478374835, "s": 0.2803621774018651, "d": 0.28125, "p": 0.282258064516129, "g": 0.2972085385878489, "y": 0.3008409785932722, "k": 0.3112745098039216, "m": 0.31308610400682013, "h": 0.3170498084291188, "w": 0.32584097859327216, "v": 0.3269230769230769, "q": 0.33060288335517696, "x": 0.3696078431372549, "b": 0.5833333333333333, "z": 0.75, "j": 1.2591743119266054}, "g": {"g": 0, "e": 0.02857142857142857, "a": 0.03571428571428571, "r": 0.03758043758043758, "t": 0.03980738362760834, "s": 0.04122965641952984, "c": 0.04395604395604395, "n": 0.04419642857142857, "o": 0.04444444444444444, "i": 0.04720853858784893, "p": 0.05482181689078241, "u": 0.0576645264847512, "l": 0.06612317310129255, "k": 0.07023809523809524, "m": 0.07204968944099378, "d": 0.07619047619047618, "y": 0.08147405029427501, "h": 0.08412698412698412, "w": 0.09523809523809523, "v": 0.09999999999999999, "q": 0.11123595505617977, "x": 0.1285714285714286, "f": 0.2972085385878489, "b": 0.3619047619047619, "z": 0.5357142857142857, "j": 1.0285714285714285}, "h": {"h": 0, "a": 0.05555555555555555, "e": 0.05555555555555555, "r": 0.06456456456456457, "t": 0.06679151061173533, "i": 0.06704980842911877, "s": 0.06821378340365682, "c": 0.07094017094017094, "n": 0.07118055555555555, "o": 0.07142857142857142, "p": 0.07994579945799457, "g": 0.08412698412698412, "u": 0.08464865346887818, "l": 0.09310730008541954, "k": 0.09722222222222221, "d": 0.09829980842911877, "m": 0.09903381642512077, "y": 0.10845817727840198, "w": 0.12222222222222222, "v": 0.12698412698412698, "q": 0.13822008204030675, "x": 0.15555555555555556, "f": 0.3170498084291188, "b": 0.38888888888888884, "z": 0.5555555555555556, "j": 1.0555555555555556}, "i": {"i": 0, "t": 0.009174311926605505, "a": 0.011494252873563218, "n": 0.0136986301369863, "o": 0.016666666666666666, "e": 0.0196078431372549, "r": 0.02004387714399681, "c": 0.020833333333333332, "l": 0.02631578947368421, "u": 0.02703145478374836, "s": 0.030362177401865104, "d": 0.03125, "p": 0.03225806451612903, "g": 0.04720853858784893, "y": 0.05084097859327217, "k": 0.061274509803921566, "m": 0.06308610400682012, "h": 0.06704980842911877, "w": 0.07584097859327217, "v": 0.07692307692307693, "q": 0.08060288335517693, "x": 0.11960784313725491, "f": 0.25, "b": 0.3333333333333333, "z": 0.5, "j": 1.0091743119266054}, "j": {"j": 0, "o": 1.0, "b": 1.0, "e": 1.0, "c": 1.0, "t": 1.0, "r": 1.009009009009009, "i": 1.0091743119266054, "n": 1.010989010989011, "a": 1.0114942528735633, "s": 1.0126582278481013, "u": 1.0178571428571428, "l": 1.024390243902439, "p": 1.0256410256410255, "g": 1.0285714285714285, "d": 1.0404243119266054, "k": 1.0416666666666667, "y": 1.0416666666666667, "m": 1.0434782608695652, "h": 1.0555555555555556, "w": 1.0666666666666667, "v": 1.0714285714285714, "q": 1.0714285714285714, "x": 1.1, "f": 1.2591743119266054, "z": 1.5}, "k": {"k": 0, "e": 0.041666666666666664, "r": 0.05067567567567567, "t": 0.05290262172284644, "s": 0.05432489451476793, "c": 0.05705128205128205, "n": 0.057291666666666664, "o": 0.057539682539682536, "a": 0.05806010928961748, "i": 0.061274509803921566, "w": 0.06666666666666667, "p": 0.06791705498602049, "g": 0.07023809523809524, "u": 0.0707597645799893, "l": 0.07921841119653064, "m": 0.08514492753623187, "d": 0.08928571428571427, "y": 0.0945692883895131, "h": 0.09722222222222221, "v": 0.11309523809523808, "q": 0.12433119315141786, "x": 0.14166666666666666, "f": 0.3112745098039216, "b": 0.375, "z": 0.5529026217228464, "j": 1.0416666666666667}, "l": {"l": 0, "o": 0.024390243902439025, "t": 0.02631578947368421, "i": 0.02631578947368421, "r": 0.03571428571428571, "n": 0.03601815087918321, "e": 0.037551744529863984, "a": 0.03781004234724743, "c": 0.04193410355156183, "u": 0.044172932330827065, "s": 0.05020997237796525, "p": 0.05195681511470985, "d": 0.05756578947368421, "g": 0.06612317310129255, "y": 0.06798245614035087, "k": 0.07921841119653064, "m": 0.0810300053994292, "w": 0.0910569105691057, "h": 0.09310730008541954, "q": 0.09774436090225563, "v": 0.10323886639676114, "x": 0.137551744529864, "f": 0.2763157894736842, "b": 0.35964912280701755, "z": 0.524390243902439, "j": 1.024390243902439}, "m": {"m": 0, "e": 0.043478260869565216, "r": 0.05248726987857422, "t": 0.05471421592574499, "a": 0.05555555555555555, "s": 0.05613648871766648, "c": 0.0588628762541806, "n": 0.059103260869565216, "o": 0.05935127674258109, "i": 0.06308610400682012, "p": 0.06972864918891905, "g": 0.07204968944099378, "u": 0.07257135878288784, "l": 0.0810300053994292, "k": 0.08514492753623187, "d": 0.09109730848861283,