{"degree_centrality": {"cooccurrence": {"a": 0.88, "b": 0.72, "c": 0.88, "d": 0.76, "e": 1.0, "f": 0.76, "g": 0.84, "h": 0.8, "i": 0.96, "j": 0.32, "k": 0.56, "l": 0.84, "m": 0.84, "n": 1.0, "o": 0.96, "p": 0.8, "q": 0.32, "r": 0.92, "s": 0.92, "t": 1.0, "u": 0.88, "v": 0.68, "w": 0.56, "x": 0.2, "y": 0.84, "z": 0.6}}, "betweenness_centrality": {"cooccurrence": {"a": 0.0, "b": 0.1405, "c": 0.0, "d": 0.023000000000000007, "e": 0.0, "f": 0.009642857142857144, "g": 0.12888888888888891, "h": 0.05008730158730159, "i": 0.05686507936507937, "j": 0.0890873015873016, "k": 0.2020634920634921, "l": 0.007333333333333334, "m": 0.04912698412698413, "n": 0.09000000000000001, "o": 0.0, "p": 0.015555555555555555, "q": 0.020555555555555556, "r": 0.0, "s": 0.1544047619047619, "t": 0.0, "u": 0.053531746031746034, "v": 0.07801587301587302, "w": 0.237015873015873, "x": 0.05666666666666667, "y": 0.0, "z": 0.16344444444444445}}, "closeness_centrality": {"cooccurrence": {"a": 0.14450867052023122, "b": 0.1984126984126984, "c": 0.1059322033898305, "d": 0.1773049645390071, "e": 0.10204081632653061, "f": 0.15723270440251572, "g": 0.1953125, "h": 0.16778523489932887, "i": 0.17482517482517482, "j": 0.1724137931034483, "k": 0.20491803278688525, "l": 0.17123287671232876, "m": 0.18115942028985507, "n": 0.15060240963855423, "o": 0.1072961373390558, "p": 0.16339869281045752, "q": 0.14534883720930233, "r": 0.07763975155279502, "s": 0.2066115702479339, "t": 0.09689922480620156, "u": 0.16891891891891891, "v": 0.18382352941176472, "w": 0.2, "x": 0.11682242990654206, "y": 0.11574074074074074, "z": 0.2032520325203252}}}