{"degree_centrality": {"inv_cooccurrence": {"a": 0.8695652173913043, "b": 0.5652173913043478, "c": 0.8695652173913043, "d": 0.6521739130434783, "e": 1.0, "f": 0.6521739130434783, "g": 0.6086956521739131, "h": 0.6521739130434783, "i": 0.8260869565217391, "k": 0.3913043478260869, "l": 0.8695652173913043, "m": 0.7826086956521738, "n": 0.7826086956521738, "o": 0.8260869565217391, "p": 0.7826086956521738, "q": 0.21739130434782608, "r": 0.9130434782608695, "s": 0.8695652173913043, "t": 0.8695652173913043, "u": 0.7391304347826086, "v": 0.34782608695652173, "w": 0.3913043478260869, "x": 0.08695652173913043, "y": 0.43478260869565216}}, "betweenness_centrality": {"inv_cooccurrence": {"a": 0.20553359683794464, "b": 0.0, "c": 0.0, "d": 0.0, "e": 0.450592885375494, "f": 0.0, "g": 0.0, "h": 0.0, "i": 0.0, "k": 0.0, "l": 0.0, "m": 0.0, "n": 0.0, "o": 0.08695652173913043, "p": 0.0, "q": 0.0, "r": 0.24110671936758893, "s": 0.035573122529644265, "t": 0.16996047430830039, "u": 0.0, "v": 0.0, "w": 0.0, "x": 0.0, "y": 0.0}}, "closeness_centrality": {"inv_cooccurrence": {"a": 14.858495037979557, "b": 8.19364800754828, "c": 11.909689030357521, "d": 7.231311895316817, "e": 15.53301303661161, "f": 7.294947509709618, "g": 5.859631251306469, "h": 6.168596771980416, "i": 13.428661379856134, "k": 3.7308319255659828, "l": 10.559195681192433, "m": 12.216281671718884, "n": 14.36732978601605, "o": 13.032307026316463, "p": 14.176949344694487, "q": 8.054018716429391, "r": 14.512595160260718, "s": 14.194538003534399, "t": 14.879396388362883, "u": 10.405865777282509, "v": 9.271512183659816, "w": 8.566649564298352, "x": 3.2643738478594044, "y": 10.26650499729376}}}