{"all_pairs_dijkstra": {"inv_cooccurrence": {"a": {"a": 0, "e": 0.014084507042253521, "n": 0.017241379310344827, "i": 0.018867924528301886, "c": 0.021739130434782608, "s": 0.022222222222222223, "t": 0.023809523809523808, "r": 0.02507351803126451, "m": 0.02564102564102564, "g": 0.03260302556077204, "o": 0.03337041156840934, "u": 0.04819976771196283, "d": 0.04856726566294318, "v": 0.05575117370892019, "f": 0.05590496156533892, "l": 0.06170355466130114, "k": 0.09100758396533044, "p": 0.10003707823507602, "y": 0.13908450704225353, "w": 0.15694164989939638, "h": 0.16666666666666666, "q": 0.3474178403755868, "x": 0.5140845070422535}, "c": {"c": 0, "e": 0.011904761904761904, "i": 0.0136986301369863, "n": 0.013888888888888888, "t": 0.017241379310344827, "r": 0.02, "o": 0.021739130434782608, "a": 0.021739130434782608, "s": 0.023952954675846242, "g": 0.03042328042328042, "m": 0.03273809523809523, "u": 0.04, "d": 0.04638752052545156, "f": 0.050735667174023336, "v": 0.05357142857142857, "l": 0.05952380952380952, "p": 0.08840579710144927, "k": 0.08882783882783883, "y": 0.13690476190476192, "w": 0.15476190476190477, "h": 0.18840579710144928, "q": 0.34523809523809523, "x": 0.5119047619047619}, "d": {"d": 0, "e": 0.034482758620689655, "r": 0.045471769609700646, "n": 0.04559386973180077, "c": 0.04638752052545156, "s": 0.04653095139177399, "a": 0.04856726566294318, "i": 0.05035577449370553, "t": 0.05172413793103448, "g": 0.05300127713920817, "m": 0.05531609195402298, "o": 0.05721003134796238, "u": 0.07324954738747842, "v": 0.07614942528735633, "l": 0.08210180623973727, "f": 0.08739281153074256, "k": 0.11140583554376658, "p": 0.12387669801462906, "y": 0.15948275862068967, "w": 0.17733990147783252, "h": 0.21523393232960983, "q": 0.367816091954023, "x": 0.5}, "e": {"e": 0, "r": 0.01098901098901099, "n": 0.011111111111111112, "c": 0.011904761904761904, "s": 0.012048192771084338, "a": 0.014084507042253521, "i": 0.015873015873015872, "t": 0.017241379310344827, "g": 0.018518518518518517, "m": 0.020833333333333332, "o": 0.022727272727272728, "d": 0.034482758620689655, "u": 0.03876678876678877, "v": 0.041666666666666664, "l": 0.047619047619047616, "f": 0.05291005291005291, "k": 0.07692307692307693, "p": 0.08939393939393939, "y": 0.125, "w": 0.14285714285714285, "h": 0.1807511737089202, "q": 0.3333333333333333, "x": 0.5}, "f": {"f": 0, "i": 0.037037037037037035, "n": 0.04953703703703703, "t": 0.050024050024050026, "c": 0.050735667174023336, "e": 0.05291005291005291, "o": 0.05458089668615984, "a": 0.05590496156533892, "r": 0.05703703703703704, "s": 0.06495824568113724, "g": 0.07142857142857142, "m": 0.07374338624338624, "u": 0.07441429392648904, "v": 0.08703703703703704, "d": 0.08739281153074256, "l": 0.10052910052910052, "p": 0.1212475633528265, "k": 0.12983312983312983, "y": 0.1779100529100529, "w": 0.19576719576719576, "h": 0.22257162823200557, "q": 0.3862433862433862, "x": 0.537037037037037}, "g": {"g": 0, "e": 0.018518518518518517, "r": 0.02950752950752951, "n": 0.02962962962962963, "c": 0.03042328042328042, "s": 0.030566711289602855, "a": 0.03260302556077204, "i": 0.03439153439153439, "t": 0.035759897828863345, "m": 0.039351851851851846, "o": 0.041245791245791245, "d": 0.05300127713920817, "u": 0.057285307285307285, "v": 0.06018518518518518, "l": 0.06613756613756613, "f": 0.07142857142857142, "k": 0.09544159544159544, "p": 0.1079124579124579, "y": 0.14351851851851852, "w": 0.16137566137566137, "h": 0.1992696922274387, "q": 0.35185185185185186, "x": 0.5185185185185185}, "h": {"h": 0, "a": 0.16666666666666666, "e": 0.1807511737089202, "n": 0.1839080459770115, "i": 0.18553459119496854, "c": 0.18840579710144928, "s": 0.18888888888888888, "t": 0.19047619047619047, "r": 0.19174018469793117, "m": 0.1923076923076923, "g": 0.1992696922274387, "o": 0.200037078235076, "u": 0.21486643437862948, "d": 0.21523393232960986, "v": 0.22241784037558684, "f": 0.22257162823200557, "l": 0.2283702213279678, "k": 0.2576742506319971, "p": 0.26670374490174265, "y": 0.3057511737089202, "w": 0.32360831656606304, "q": 0.5140845070422535, "x": 0.6807511737089202}, "i": {"i": 0, "n": 0.0125, "t": 0.012987012987012988, "c": 0.0136986301369863, "e": 0.015873015873015872, "o": 0.017543859649122806, "a": 0.018867924528301886, "r": 0.02, "s": 0.02792120864410021, "g": 0.03439153439153439, "m": 0.0367063492063492, "f": 0.037037037037037035, "u": 0.03737725688945201, "v": 0.05, "d": 0.05035577449370553, "l": 0.06349206349206349, "p": 0.08421052631578947, "k": 0.0927960927960928, "y": 0.14087301587301587, "w": 0.15873015873015872, "h": 0.18553459119496854, "q": 0.3492063492063492, "x": 0.5}, "k": {"k": 0, "e": 0.07692307692307693, "r": 0.08791208791208792, "n": 0.08803418803418804, "c": 0.08882783882783883, "s": 0.08897126969416126, "a": 0.09100758396533044, "i": 0.0927960927960928, "t": 0.09416445623342176, "g": 0.09544159544159544, "m": 0.09775641025641026, "o": 0.09965034965034966, "d": 0.11140583554376658, "u": 0.1156898656898657, "v": 0.11858974358974358, "l": 0.12454212454212454, "f": 0.12983312983312983, "p": 0.16631701631701634, "y": 0.20192307692307693, "w": 0.21978021978021978, "h": 0.2576742506319971, "q": 0.41025641025641024, "x": 0.5769230769230769}, "l": {"l": 0, "e": 0.047619047619047616, "r": 0.05860805860805861, "n": 0.05873015873015873, "c": 0.05952380952380952, "s": 0.05966724039013195, "a": 0.06170355466130114, "i": 0.06349206349206349, "t": 0.06486042692939245, "g": 0.06613756613756613, "m": 0.06845238095238095, "o": 0.07034632034632035, "d": 0.08210180623973727, "u": 0.08638583638583638, "v": 0.08928571428571427, "f": 0.10052910052910052, "k": 0.12454212454212454, "p": 0.125, "y": 0.17261904761904762, "w": 0.19047619047619047, "h": 0.2283702213279678, "q": 0.38095238095238093, "x": 0.5476190476190477}, "m": {"m": 0, "e": 0.020833333333333332, "a": 0.02564102564102564, "n": 0.02857142857142857, "r": 0.03182234432234432, "c": 0.03273809523809523, "s": 0.03288152610441767, "i": 0.0367063492063492, "t": 0.03807471264367816, "g": 0.039351851851851846, "o": 0.043560606060606064, "d": 0.05531609195402298, "u": 0.0596001221001221, "v": 0.0625, "l": 0.06845238095238095, "f": 0.07374338624338624, "k": 0.09775641025641026, "p": 0.11022727272727273, "y": 0.14583333333333334, "w": 0.1636904761904762, "h": 0.1923076923076923, "q": 0.35416666666666663, "x": 0.5208333333333334}, "n": {"n": 0, "e": 0.011111111111111112, "i": 0.0125, "t": 0.012987012987012988, "c": 0.013888888888888888, "o": 0.016129032258064516, "a": 0.017241379310344827, "r": 0.0221001221001221, "s": 0.023159303882195448, "m": 0.02857142857142857, "g": 0.02962962962962963, "u": 0.03737725688945201, "d": 0.04559386973180077, "f": 0.04953703703703703, "v": 0.05277777777777778, "l": 0.05873015873015873, "p": 0.08279569892473118, "k": 0.08803418803418804, "y": 0.1361111111111111, "w": 0.15396825396825395, "h": 0.1839080459770115, "q": 0.34444444444444444, "x": 0.5}, "o": {"o": 0, "n": 0.016129032258064516, "i": 0.017543859649122806, "c": 0.021739130434782608, "e": 0.022727272727272728, "t": 0.023255813953488372, "r": 0.027777777777777776, "a": 0.03337041156840934, "s": 0.03477546549835707, "g": 0.041245791245791245, "m": 0.043560606060606064, "u": 0.0476460578559274, "f": 0.05458089668615984, "d": 0.05721003134796238, "v": 0.06439393939393939, "p": 0.06666666666666667, "l": 0.07034632034632035, "k": 0.09965034965034966, "y": 0.14772727272727273, "w": 0.16558441558441558, "h": 0.200037078235076, "q": 0.356060606060606, "x": 0.5161290322580645}, "p": {"p": 0, "o": 0.06666666666666667, "n": 0.08279569892473118, "i": 0.08421052631578947, "c": 0.08840579710144927, "e": 0.08939393939393939, "t": 0.08992248062015504, "r": 0.09444444444444444, "a": 0.10003707823507602, "s": 0.10144213216502372, "g": 0.1079124579124579, "m": 0.11022727272727272, "u": 0.11431272452259406, "f": 0.1212475633528265, "d": 0.12387669801462904, "l": 0.125, "v": 0.13106060606060604, "k": 0.16631701631701631, "y": 0.2143939393939394, "w": 0.23225108225108224,