{"degree_centrality": {"inv_cooccurrence": {"a": 0.84, "b": 0.44, "c": 0.84, "d": 0.56, "e": 0.96, "f": 0.4, "g": 0.64, "h": 0.56, "i": 0.88, "j": 0.2, "k": 0.28, "l": 0.68, "m": 0.52, "n": 0.96, "o": 0.92, "p": 0.6, "q": 0.36, "r": 0.88, "s": 0.8, "t": 1.0, "u": 0.64, "v": 0.56, "w": 0.24, "x": 0.48, "y": 0.76, "z": 0.32}}, "betweenness_centrality": {"inv_cooccurrence": {"a": 0.043333333333333335, "b": 0.0, "c": 0.0, "d": 0.0, "e": 0.43277777777777776, "f": 0.0, "g": 0.0, "h": 0.0, "i": 0.15000000000000002, "j": 0.0, "k": 0.0, "l": 0.0, "m": 0.0, "n": 0.0, "o": 0.021111111111111112, "p": 0.0, "q": 0.0, "r": 0.03333333333333333, "s": 0.0, "t": 0.34944444444444445, "u": 0.0, "v": 0.0, "w": 0.0, "x": 0.0, "y": 0.0, "z": 0.0}}, "closeness_centrality": {"inv_cooccurrence": {"a": 8.312369212704269, "b": 2.3941657881118985, "c": 7.992310239053857, "d": 6.707590802022535, "e": 8.581001585423007, "f": 2.7797301465468345, "g": 6.975754045146104, "h": 5.957835730066283, "i": 8.35092938712468, "j": 0.945491498486468, "k": 6.4570348960257435, "l": 7.200970440064505, "m": 6.3249907830732175, "n": 8.187104404589201, "o": 8.29506481945677, "p": 7.424850929997485, "q": 5.421331600906532, "r": 8.333674714147696, "s": 7.824359649803964, "t": 8.629237164050625, "u": 7.517216919302977, "v": 5.461956537613656, "w": 5.787133686889898, "x": 4.705073906723136, "y": 6.4149813464065195, "z": 1.687224665188015}}}