{"degree_centrality": {"cooccurrence": {"a": 0.8181818181818182, "c": 0.8636363636363636, "d": 0.8181818181818182, "e": 1.0, "f": 0.7272727272727273, "g": 0.8181818181818182, "h": 0.4090909090909091, "i": 0.8181818181818182, "k": 0.5, "l": 0.8636363636363636, "m": 0.7727272727272727, "n": 1.0, "o": 0.8636363636363636, "p": 0.7272727272727273, "q": 0.2272727272727273, "r": 0.9090909090909092, "s": 0.7272727272727273, "t": 0.9090909090909092, "u": 0.7272727272727273, "v": 0.5909090909090909, "w": 0.4090909090909091, "x": 0.18181818181818182, "y": 0.6818181818181819}}, "betweenness_centrality": {"cooccurrence": {"a": 0.0, "c": 0.019624819624819625, "d": 0.3013468013468013, "e": 0.004329004329004329, "f": 0.11474266474266476, "g": 0.05404040404040404, "h": 0.09086099086099086, "i": 0.0, "k": 0.013131313131313131, "l": 0.002308802308802309, "m": 0.0451899951899952, "n": 0.08008658008658008, "o": 0.0, "p": 0.05334295334295333, "q": 0.0862914862914863, "r": 0.021404521404521402, "s": 0.029966329966329964, "t": 0.11500721500721499, "u": 0.022270322270322274, "v": 0.061327561327561314, "w": 0.03549783549783549, "x": 0.12121212121212122, "y": 0.20283790283790284}}, "closeness_centrality": {"cooccurrence": {"a": 0.2682926829268293, "c": 0.3142857142857143, "d": 0.44, "e": 0.22448979591836735, "f": 0.41509433962264153, "g": 0.3235294117647059, "h": 0.3142857142857143, "i": 0.18487394957983194, "k": 0.3013698630136986, "l": 0.29333333333333333, "m": 0.36065573770491804, "n": 0.3548387096774194, "o": 0.2972972972972973, "p": 0.38596491228070173, "q": 0.3548387096774194, "r": 0.27848101265822783, "s": 0.3492063492063492, "t": 0.3548387096774194, "u": 0.3384615384615385, "v": 0.3492063492063492, "w": 0.3013698630136986, "x": 0.2857142857142857, "y": 0.4074074074074074}}}