{"all_pairs_dijkstra": {"inv_cooccurrence": {"a": {"a": 0, "t": 0.004, "n": 0.0051813471502590676, "i": 0.005494505494505495, "e": 0.00625, "o": 0.007751937984496124, "c": 0.008928571428571428, "r": 0.009345794392523364, "u": 0.012333333333333333, "s": 0.01266025641025641, "m": 0.0127859477124183, "p": 0.01694915254237288, "h": 0.0176986301369863, "l": 0.017751937984496126, "d": 0.021634615384615384, "g": 0.02213049969263195, "v": 0.025117924528301888, "y": 0.027255813953488372, "b": 0.028472222222222225, "f": 0.03018134715025907, "k": 0.04625, "q": 0.05888157894736842, "z": 0.06400487656202378, "w": 0.08958333333333333, "j": 0.10775193798449613, "x": 0.17066666666666666}, "b": {"b": 0, "e": 0.022222222222222223, "t": 0.02545846817691478, "r": 0.025730994152046785, "n": 0.026222222222222223, "i": 0.027222222222222224, "c": 0.028002569043031472, "o": 0.028070175438596492, "a": 0.028472222222222225, "s": 0.028632478632478635, "m": 0.028758169934640525, "u": 0.03165618448637317, "d": 0.03760683760683761, "l": 0.03807017543859649, "h": 0.03915709831390108, "g": 0.040740740740740744, "v": 0.04109014675052411, "p": 0.042373737373737376, "y": 0.043961352657004835, "f": 0.04795321637426901, "k": 0.06222222222222222, "q": 0.07485380116959064, "z": 0.08504575163398692, "w": 0.10555555555555556, "j": 0.125, "x": 0.19212513484358143}, "c": {"c": 0, "o": 0.005714285714285714, "e": 0.005780346820809248, "t": 0.006097560975609756, "n": 0.007751937984496124, "i": 0.008, "r": 0.00819672131147541, "a": 0.008928571428571428, "s": 0.012190603231065657, "m": 0.012316294533227549, "u": 0.01443089430894309, "l": 0.015714285714285715, "h": 0.019796191112596055, "d": 0.021164962205424635, "p": 0.023151515151515152, "g": 0.024298865339327767, "v": 0.024648271349111135, "y": 0.027519477255591857, "b": 0.028002569043031472, "f": 0.03041894353369763, "k": 0.045780346820809246, "q": 0.058411925768177664, "z": 0.06657546739626083, "w": 0.08911368015414257, "j": 0.1, "x": 0.17276422764227642}, "d": {"d": 0, "e": 0.015384615384615385, "t": 0.018620861339307942, "r": 0.018893387314439947, "n": 0.019384615384615386, "i": 0.020384615384615386, "c": 0.021164962205424635, "o": 0.021232568600989654, "a": 0.021634615384615384, "s": 0.021794871794871794, "m": 0.021920563097033687, "u": 0.024818577648766327, "l": 0.031232568600989656, "h": 0.032319491476294246, "g": 0.0339031339031339, "v": 0.03425253991291727, "p": 0.03553613053613054, "y": 0.037123745819397994, "b": 0.03760683760683761, "f": 0.04111560953666217, "k": 0.055384615384615386, "q": 0.0680161943319838, "z": 0.0782081447963801, "w": 0.09871794871794871, "j": 0.12116496220542464, "x": 0.1852875280059746}, "e": {"e": 0, "t": 0.003236245954692557, "r": 0.0035087719298245615, "n": 0.004, "i": 0.005, "c": 0.005780346820809248, "o": 0.005847953216374269, "a": 0.00625, "s": 0.00641025641025641, "m": 0.006535947712418301, "u": 0.009433962264150943, "d": 0.015384615384615385, "l": 0.01584795321637427, "h": 0.016934876091678857, "g": 0.018518518518518517, "v": 0.018867924528301886, "p": 0.020151515151515153, "y": 0.021739130434782608, "b": 0.022222222222222223, "f": 0.025730994152046785, "k": 0.04, "q": 0.05263157894736842, "z": 0.06282352941176471, "w": 0.08333333333333333, "j": 0.10578034682080925, "x": 0.1699029126213592}, "f": {"f": 0, "r": 0.022222222222222223, "n": 0.025, "i": 0.02564102564102564, "e": 0.025730994152046785, "t": 0.02762762762762763, "o": 0.02771672771672772, "a": 0.03018134715025907, "c": 0.03041894353369763, "s": 0.031313131313131314, "m": 0.03226694186446508, "u": 0.034417344173441736, "l": 0.03771672771672772, "p": 0.04079254079254079, "d": 0.04111560953666217, "h": 0.04132625776461393, "g": 0.041949152542372886, "v": 0.04459891868034867, "y": 0.04747012458682939, "b": 0.04795321637426901, "k": 0.06573099415204678, "q": 0.0783625730994152, "z": 0.08382352941176471, "w": 0.10906432748538011, "j": 0.12771672771672773, "x": 0.1942942942942943}, "g": {"g": 0, "n": 0.01694915254237288, "e": 0.018518518518518517, "i": 0.0196078431372549, "t": 0.020373810076619456, "o": 0.021494607087827425, "r": 0.02202729044834308, "a": 0.02213049969263195, "c": 0.024298865339327767, "s": 0.024928774928774926, "m": 0.02505446623093682, "u": 0.02795248078266946, "l": 0.03149460708782743, "d": 0.0339031339031339, "h": 0.034072440213605754, "p": 0.034759358288770054, "v": 0.0373864430468204, "y": 0.040257648953301126, "b": 0.040740740740740744, "f": 0.041949152542372886, "k": 0.05851851851851852, "q": 0.07115009746588694, "z": 0.07577268195413758, "w": 0.10185185185185185, "j": 0.12149460708782743, "x": 0.1870404767432861}, "h": {"h": 0, "t": 0.0136986301369863, "e": 0.016934876091678857, "n": 0.017123287671232876, "i": 0.01724472942776644, "a": 0.0176986301369863, "o": 0.017990475630548532, "r": 0.019104035542391706, "c": 0.019796191112596055, "u": 0.022031963470319632, "s": 0.02334513250193527, "m": 0.02347082380409716, "l": 0.02799047563054853, "d": 0.032319491476294246, "p": 0.03239624457928159, "g": 0.034072440213605754, "v": 0.03580280061998074, "y": 0.03695444409047467, "b": 0.03915709831390108, "f": 0.04132625776461393, "k": 0.056934876091678854, "q": 0.06956645503904728, "z": 0.07594681708299758, "w": 0.10026820942501219, "j": 0.11799047563054854, "x": 0.18036529680365296}, "i": {"i": 0, "t": 0.0035460992907801418, "n": 0.0035460992907801418, "e": 0.005, "a": 0.005494505494505495, "o": 0.0055248618784530384, "c": 0.008, "r": 0.00847457627118644, "s": 0.01141025641025641, "m": 0.011535947712418301, "u": 0.011879432624113475, "p": 0.015151515151515152, "l": 0.015524861878453039, "h": 0.01724472942776644, "g": 0.0196078431372549, "d": 0.020384615384615386, "v": 0.020833333333333332, "f": 0.02564102564102564, "y": 0.02673913043478261, "b": 0.027222222222222224, "k": 0.045, "q": 0.057631578947368416, "z": 0.058823529411764705, "w": 0.08833333333333333, "j": 0.10552486187845304, "x": 0.1702127659574468}, "j": {"j": 0, "o": 0.1, "c": 0.1, "t": 0.10429184549356224, "n": 0.10454545454545455, "r": 0.1054945054945055, "i": 0.10552486187845304, "e": 0.10578034682080925, "a": 0.10775193798449613, "l": 0.11, "s": 0.11219060323106567, "m": 0.11231629453322756, "u": 0.11262517882689557, "h": 0.11799047563054854, "p": 0.11851851851851852, "d": 0.12116496220542464, "g": 0.12149460708782743, "v": 0.12464827134911113, "b": 0.125, "y": 0.12751947725559187, "f": 0.1277167277167277, "k": 0.14578034682080926, "q": 0.15841192576817767, "z": 0.16336898395721927, "w": 0.1891136801541426, "x": 0.2709585121602289}, "k": {"k": 0, "e": 0.04, "t": 0.04323624595469256, "r": 0.04350877192982456, "n": 0.044, "i": 0.045, "c": 0.045780346820809246, "o": 0.04584795321637427, "a": 0.04625, "s": 0.04641025641025641, "m": 0.0465359477124183, "u": 0.04943396226415094, "d": 0.055384615384615386, "l": 0.05584795321637427, "h": 0.05693487609167886, "g": 0.05851851851851852, "v": 0.05886792452830189, "p": 0.06015151515151515, "y": 0.06173913043478261, "b": 0.06222222222222222, "f": 0.06573099415204678, "q": 0.09263157894736843, "z": 0.1028235294117647, "w": 0.12333333333333332, "j": 0.14578034682080926, "x": 0.2099029126213592}, "l": {"l": 0, "o": 0.01, "t": 0.014291845493562232, "n": 0.014545454545454545, "r": 0.015494505494505494, "i": 0.015524861878453039, "c": 0.015714285714285715, "e": 0.01584795321637427, "a": 0.017751937984496126, "s": 0.02225820962663068, "m": 0.022383900928792572, "u": 0.022625178826895565, "h": 0.02799047563054853, "p": 0.02851851851851852, "d": 0.031232568600989656, "g": 0.03149460708782743, "v": 0.03471587774467616, "y": 0.0375476594470506, "f": 0.03771672771672772, "b": 0.03807017543859649, "k": 0.05584795321637427, "q": 0.0684795321637427, "z": 0.07336898395721925, "w": 0.09918128654970759, "j": 0.11, "x": 0.1809585121602289}, "m": {"m": 0, "e": 0.006535947712418301, "t": 0.009772193667110858, "r": 0.010044719642242862, "n": 0.010535947712418302, "i": 0.011535947712418301, "c": 0.012316294533227549, "o": 0.01238390092879257,