{"degree_centrality": {"inv_cooccurrence": {"a": 1.0, "b": 0.7391304347826086, "c": 0.9130434782608695, "d": 0.9130434782608695, "e": 0.9565217391304348, "f": 0.8260869565217391, "g": 0.7826086956521738, "h": 0.9130434782608695, "i": 1.0, "k": 0.6956521739130435, "l": 0.9130434782608695, "m": 0.8695652173913043, "n": 1.0, "o": 0.9565217391304348, "p": 0.8695652173913043, "r": 1.0, "s": 0.9565217391304348, "t": 1.0, "u": 0.8260869565217391, "v": 0.8260869565217391, "w": 0.6956521739130435, "x": 0.4782608695652174, "y": 0.8695652173913043, "z": 0.34782608695652173}}, "betweenness_centrality": {"inv_cooccurrence": {"a": 0.05533596837944664, "b": 0.0, "c": 0.0, "d": 0.0, "e": 0.592885375494071, "f": 0.0, "g": 0.0, "h": 0.0, "i": 0.17786561264822134, "k": 0.0, "l": 0.0, "m": 0.0, "n": 0.0, "o": 0.05138339920948616, "p": 0.0, "r": 0.0, "s": 0.0, "t": 0.11462450592885375, "u": 0.0, "v": 0.0, "w": 0.0, "x": 0.0, "y": 0.0, "z": 0.0}}, "closeness_centrality": {"inv_cooccurrence": {"a": 30.94127258298091, "b": 11.151411329544265, "c": 29.110778354970492, "d": 23.65952576943576, "e": 33.453611074205845, "f": 22.88130805575067, "g": 19.940930782071167, "h": 16.769482132396785, "i": 32.13575914278204, "k": 10.473325121937687, "l": 21.953412325003633, "m": 24.144967816064263, "n": 31.375041736302343, "o": 30.502284328920673, "p": 21.329662186314337, "r": 30.169523299626917, "s": 28.212121043079236, "t": 32.32443110038108, "u": 24.441861952961506, "v": 21.732749155527916, "w": 13.255427918202379, "x": 9.123897441372915, "y": 18.608927414188422, "z": 5.300931398570023}}}