{"degree_centrality": {"inv_cooccurrence": {"a": 0.8181818181818182, "c": 0.8636363636363636, "d": 0.8181818181818182, "e": 1.0, "f": 0.7272727272727273, "g": 0.8181818181818182, "h": 0.4090909090909091, "i": 0.8181818181818182, "k": 0.5, "l": 0.8636363636363636, "m": 0.7727272727272727, "n": 1.0, "o": 0.8636363636363636, "p": 0.7272727272727273, "q": 0.2272727272727273, "r": 0.9090909090909092, "s": 0.7272727272727273, "t": 0.9090909090909092, "u": 0.7272727272727273, "v": 0.5909090909090909, "w": 0.4090909090909091, "x": 0.18181818181818182, "y": 0.6818181818181819}}, "betweenness_centrality": {"inv_cooccurrence": {"a": 0.09090909090909091, "c": 0.0, "d": 0.0, "e": 0.7056277056277056, "f": 0.0, "g": 0.0, "h": 0.0, "i": 0.09523809523809523, "k": 0.0, "l": 0.0, "m": 0.0, "n": 0.030303030303030304, "o": 0.08658008658008658, "p": 0.0, "q": 0.0, "r": 0.047619047619047616, "s": 0.0, "t": 0.03463203463203463, "u": 0.0, "v": 0.0, "w": 0.0, "x": 0.0, "y": 0.0}}, "closeness_centrality": {"inv_cooccurrence": {"a": 10.890985457537184, "c": 11.156222626567008, "d": 8.769516260693608, "e": 12.094324177091977, "f": 8.03541373612809, "g": 9.964111204166503, "h": 3.9854933659677108, "i": 11.223903395955654, "k": 6.40574010261631, "l": 7.837487286129003, "m": 9.845125264750532, "n": 11.454779062364853, "o": 10.337579154463091, "p": 6.256852602781088, "q": 2.494603977589884, "r": 11.06280952129733, "s": 10.657746830731053, "t": 10.898848745185918, "u": 8.85862347222925, "v": 8.212155147431961, "w": 4.565229265772979, "x": 1.7999068428127074, "y": 4.95045596676865}}}