{"degree_centrality": {"cooccurrence": {"a": 1.0, "b": 0.7391304347826086, "c": 0.9130434782608695, "d": 0.9130434782608695, "e": 0.9565217391304348, "f": 0.8260869565217391, "g": 0.7826086956521738, "h": 0.9130434782608695, "i": 1.0, "k": 0.6956521739130435, "l": 0.9130434782608695, "m": 0.8695652173913043, "n": 1.0, "o": 0.9565217391304348, "p": 0.8695652173913043, "r": 1.0, "s": 0.9565217391304348, "t": 1.0, "u": 0.8260869565217391, "v": 0.8260869565217391, "w": 0.6956521739130435, "x": 0.4782608695652174, "y": 0.8695652173913043, "z": 0.34782608695652173}}, "betweenness_centrality": {"cooccurrence": {"a": 0.0, "b": 0.03886693017127799, "c": 0.0, "d": 0.04644268774703557, "e": 0.0, "f": 0.06818181818181818, "g": 0.062252964426877465, "h": 0.35309617918313563, "i": 0.0, "k": 0.028985507246376812, "l": 0.0, "m": 0.12747035573122528, "n": 0.02272727272727272, "o": 0.0, "p": 0.0, "r": 0.0, "s": 0.022727272727272728, "t": 0.0, "u": 0.01054018445322793, "v": 0.06521739130434782, "w": 0.12154150197628458, "x": 0.5092226613965743, "y": 0.0, "z": 0.0411725955204216}}, "closeness_centrality": {"cooccurrence": {"a": 0.23469387755102042, "b": 0.22330097087378642, "c": 0.23469387755102042, "d": 0.26136363636363635, "e": 0.06804733727810651, "f": 0.24210526315789474, "g": 0.25, "h": 0.30666666666666664, "i": 0.19491525423728814, "k": 0.23958333333333334, "l": 0.20535714285714285, "m": 0.26744186046511625, "n": 0.25, "o": 0.09871244635193133, "p": 0.20175438596491227, "r": 0.17293233082706766, "s": 0.23958333333333334, "t": 0.107981220657277, "u": 0.2169811320754717, "v": 0.22115384615384615, "w": 0.2804878048780488, "x": 0.3026315789473684, "y": 0.1885245901639344, "z": 0.19166666666666668}}}