{"all_pairs_dijkstra": {"inv_cooccurrence": {"a": {"a": 0, "p": 0.012048192771084338, "t": 0.013888888888888888, "i": 0.014705882352941176, "n": 0.015873015873015872, "e": 0.020833333333333332, "c": 0.021739130434782608, "o": 0.022222222222222223, "m": 0.02857142857142857, "s": 0.029682890855457226, "r": 0.030267295597484277, "l": 0.030303030303030304, "y": 0.043478260869565216, "u": 0.04722222222222222, "v": 0.06628787878787878, "w": 0.08026729559748427, "d": 0.08333333333333333, "q": 0.08333333333333333, "b": 0.08582285115303984, "f": 0.1, "h": 0.1, "g": 0.13194444444444445, "k": 0.22222222222222224, "x": 0.2638888888888889}, "b": {"b": 0, "r": 0.05555555555555555, "e": 0.0649895178197065, "s": 0.06984126984126984, "t": 0.07907402486196001, "o": 0.08119658119658119, "n": 0.08165618448637316, "a": 0.08582285115303982, "p": 0.0867286482544891, "m": 0.0913053072933907, "i": 0.09494704073497588, "c": 0.10202655485674353, "u": 0.10317460317460317, "w": 0.10555555555555556, "v": 0.11044406327425195, "y": 0.11044406327425195, "l": 0.11612588145607013, "f": 0.12698412698412698, "q": 0.1274895178197065, "d": 0.14676434676434677, "g": 0.1761006289308176, "h": 0.18055555555555555, "k": 0.2811965811965812, "x": 0.32907402486196}, "c": {"c": 0, "a": 0.021739130434782608, "i": 0.022222222222222223, "o": 0.03225806451612903, "p": 0.03225806451612903, "n": 0.03333333333333333, "t": 0.034482758620689655, "e": 0.037037037037037035, "s": 0.04588659455916093, "r": 0.046470999301187976, "m": 0.050310559006211175, "l": 0.05204216073781291, "y": 0.06521739130434782, "u": 0.067816091954023, "v": 0.08249158249158249, "w": 0.09647099930118798, "q": 0.09953703703703703, "b": 0.10202655485674353, "d": 0.10507246376811594, "f": 0.1178995707297594, "h": 0.12173913043478261, "g": 0.14814814814814814, "k": 0.23225806451612904, "x": 0.28448275862068967}, "d": {"d": 0, "s": 0.07692307692307693, "a": 0.08333333333333333, "e": 0.08577263444520082, "r": 0.09120879120879122, "p": 0.09538152610441766, "t": 0.09722222222222221, "i": 0.09803921568627451, "n": 0.0992063492063492, "c": 0.10507246376811594, "o": 0.10555555555555556, "m": 0.1119047619047619, "l": 0.11363636363636363, "y": 0.12681159420289856, "u": 0.1274393011118675, "v": 0.13122717989974628, "w": 0.1412087912087912, "b": 0.14676434676434677, "q": 0.14827263444520083, "f": 0.16263736263736264, "h": 0.18333333333333335, "g": 0.19688374555631194, "k": 0.3055555555555556, "x": 0.3472222222222222}, "e": {"e": 0, "s": 0.008849557522123894, "r": 0.009433962264150943, "t": 0.014084507042253521, "n": 0.016666666666666666, "a": 0.020833333333333332, "p": 0.021739130434782608, "m": 0.02631578947368421, "i": 0.029957522915269395, "o": 0.03125, "c": 0.037037037037037035, "u": 0.041666666666666664, "v": 0.045454545454545456, "y": 0.045454545454545456, "l": 0.05113636363636363, "w": 0.059433962264150944, "q": 0.0625, "b": 0.0649895178197065, "f": 0.08086253369272237, "d": 0.08577263444520082, "g": 0.1111111111111111, "h": 0.12083333333333333, "k": 0.23125, "x": 0.2640845070422535}, "f": {"f": 0, "r": 0.07142857142857142, "e": 0.08086253369272237, "s": 0.08571428571428572, "t": 0.09494704073497588, "o": 0.09706959706959706, "n": 0.09752920035938903, "a": 0.1, "p": 0.10260166412750497, "m": 0.10717832316640657, "i": 0.11082005660799175, "c": 0.1178995707297594, "u": 0.11904761904761904, "w": 0.12142857142857143, "v": 0.1263170791472678, "y": 0.1263170791472678, "b": 0.12698412698412698, "l": 0.1303030303030303, "q": 0.14336253369272237, "d": 0.16263736263736264, "g": 0.19197364480383347, "h": 0.19642857142857142, "k": 0.29706959706959707, "x": 0.3449470407349759}, "g": {"g": 0, "e": 0.1111111111111111, "s": 0.119960668633235, "r": 0.12054507337526205, "t": 0.12519561815336464, "n": 0.12777777777777777, "a": 0.13194444444444445, "p": 0.1328502415458937, "m": 0.13742690058479531, "i": 0.1410686340263805, "o": 0.1423611111111111, "c": 0.14814814814814814, "u": 0.15277777777777776, "v": 0.15656565656565657, "y": 0.15656565656565657, "l": 0.16224747474747475, "w": 0.17054507337526204, "q": 0.1736111111111111, "b": 0.1761006289308176, "f": 0.19197364480383347, "d": 0.19688374555631194, "h": 0.23194444444444445, "k": 0.3423611111111111, "x": 0.37519561815336466}, "h": {"h": 0, "a": 0.1, "p": 0.11204819277108434, "t": 0.1138888888888889, "i": 0.11470588235294119, "n": 0.11587301587301588, "e": 0.12083333333333333, "c": 0.12173913043478261, "o": 0.12222222222222223, "r": 0.125, "m": 0.1285714285714286, "s": 0.12968289085545723, "l": 0.1303030303030303, "y": 0.14347826086956522, "u": 0.14722222222222223, "v": 0.1662878787878788, "w": 0.175, "b": 0.18055555555555555, "d": 0.18333333333333335, "q": 0.18333333333333335, "f": 0.19642857142857142, "g": 0.23194444444444445, "k": 0.32222222222222224, "x": 0.36388888888888893}, "i": {"i": 0, "a": 0.014705882352941176, "t": 0.015873015873015872, "p": 0.017543859649122806, "n": 0.01818181818181818, "c": 0.022222222222222223, "o": 0.023809523809523808, "e": 0.029957522915269395, "l": 0.03571428571428571, "s": 0.03880708043739329, "r": 0.03939148517942034, "m": 0.04327731092436975, "u": 0.049206349206349205, "y": 0.057539682539682536, "v": 0.07541206836981484, "w": 0.08939148517942033, "q": 0.0924575229152694, "b": 0.0949470407349759, "d": 0.09803921568627451, "f": 0.11082005660799177, "h": 0.11470588235294119, "g": 0.1410686340263805, "k": 0.22380952380952382, "x": 0.26587301587301587}, "k": {"k": 0, "o": 0.2, "a": 0.22222222222222224, "i": 0.22380952380952382, "p": 0.225, "r": 0.22564102564102564, "s": 0.22941176470588237, "n": 0.23030303030303031, "e": 0.23125, "c": 0.23225806451612904, "t": 0.2357142857142857, "l": 0.24347826086956523, "m": 0.2507936507936508, "y": 0.26570048309178745, "u": 0.26904761904761904, "w": 0.27564102564102566, "v": 0.2767045454545455, "b": 0.2811965811965812, "q": 0.29375, "f": 0.29706959706959707, "d": 0.3055555555555556, "h": 0.32222222222222224, "g": 0.3423611111111111, "x": 0.4857142857142857}, "l": {"l": 0, "a": 0.030303030303030304, "p": 0.03333333333333333, "i": 0.03571428571428571, "o": 0.043478260869565216, "t": 0.04419191919191919, "n": 0.046176046176046176, "e": 0.05113636363636363, "c": 0.05204216073781291, "m": 0.05887445887445887, "s": 0.059985921158487526, "r": 0.060570325900514574, "y": 0.07378129117259552, "u": 0.07752525252525252, "v": 0.09659090909090909, "w": 0.11057032590051458, "d": 0.11363636363636363, "q": 0.11363636363636363, "b": 0.11612588145607013, "f": 0.1303030303030303, "h": 0.1303030303030303, "g": 0.16224747474747475, "k": 0.24347826086956523, "x": 0.29419191919191917}, "m": {"m": 0, "e": 0.02631578947368421, "n": 0.027777777777777776, "t": 0.02857142857142857, "a": 0.02857142857142857, "s": 0.0351653469958081, "p": 0.03571428571428571, "r": 0.03574975173783515, "i": 0.04327731092436975, "y": 0.047619047619047616, "c": 0.050310559006211175, "o": 0.050793650793650794, "l": 0.05887445887445887, "u": 0.06190476190476191, "v": 0.07177033492822966, "w": 0.08574975173783515, "q": 0.08881578947368421, "b": 0.0913053072933907, "f": 0.10717832316640657, "d": 0.1119047619047619, "h": 0.1285714285714286, "g": 0.13742690058479531, "k": 0.2507936507936508, "x": 0.2785714285714286}, "n": {"n": 0, "t": 0.015151515151515152, "a": 0.015873015873015872, "e": 0.016666666666666666, "p": 0.01694915254237288, "i": 0.01818181818181818, "s": 0.02551622418879056, "r": 0.02610062893081761, "m": 0.027777777777777776, "o": 0.030303030303030304, "c": 0.03333333333333333, "y": 0.045454545454545456, "l": 0.046176046176046176, "u": 0.048484848484848485, "v": 0.06212121212121212, "w": 0.07610062893081762, "q": 0.07916666666666666, "b": 0.08165618448637316, "f": 0.09752920035938903, "d": 0.0992063492063492, "h": 0.11587301587301588, "g": 0.12777777777777777, "k": 0.23030303030303031, "x": 0.26515151515151514}, "o": {"o": 0, "a": 0.022222222222222223, "i": 0.023809523809523808, "p": 0.025, "r": 0.02564102564102564, "s": 0.029411764705882353, "n": 0.030303030303030304, "e": 0.03125,