{"degree_centrality": {"cooccurrence": {"a": 0.84, "b": 0.44, "c": 0.84, "d": 0.56, "e": 0.96, "f": 0.4, "g": 0.64, "h": 0.56, "i": 0.88, "j": 0.2, "k": 0.28, "l": 0.68, "m": 0.52, "n": 0.96, "o": 0.92, "p": 0.6, "q": 0.36, "r": 0.88, "s": 0.8, "t": 1.0, "u": 0.64, "v": 0.56, "w": 0.24, "x": 0.48, "y": 0.76, "z": 0.32}}, "betweenness_centrality": {"cooccurrence": {"a": 0.0, "b": 0.2540555555555556, "c": 0.015555555555555557, "d": 0.07555555555555556, "e": 0.0017777777777777779, "f": 0.13224074074074077, "g": 0.0011111111111111111, "h": 0.05333333333333334, "i": 0.0, "j": 0.08544444444444446, "k": 0.0, "l": 0.014314814814814815, "m": 0.0016666666666666668, "n": 0.17116666666666672, "o": 0.04512962962962963, "p": 0.0, "q": 0.0016666666666666668, "r": 0.03866666666666667, "s": 0.05603703703703705, "t": 0.030370370370370364, "u": 0.0, "v": 0.09922222222222223, "w": 0.0, "x": 0.028444444444444446, "y": 0.25585185185185183, "z": 0.24629629629629635}}, "closeness_centrality": {"cooccurrence": {"a": 0.21367521367521367, "b": 0.31645569620253167, "c": 0.2717391304347826, "d": 0.1984126984126984, "e": 0.21739130434782608, "f": 0.29411764705882354, "g": 0.211864406779661, "h": 0.21739130434782608, "i": 0.1968503937007874, "j": 0.26595744680851063, "k": 0.08650519031141868, "l": 0.2604166666666667, "m": 0.16891891891891891, "n": 0.29411764705882354, "o": 0.28735632183908044, "p": 0.14204545454545456, "q": 0.2032520325203252, "r": 0.2358490566037736, "s": 0.26881720430107525, "t": 0.27472527472527475, "u": 0.21367521367521367, "v": 0.2604166666666667, "w": 0.05952380952380952, "x": 0.2777777777777778, "y": 0.2976190476190476, "z": 0.26881720430107525}}}